Week Ending Date,Report Date,Date,Weighted Price,Weighted Price adjusted to 38% moisture,Sales,Moisture Content
8/19/2017,8/23/2017,22-Jul,1.5238,1.4489,"9,233,624",34.79
8/19/2017,8/23/2017,29-Jul,1.5636,1.4863,"10,948,266",34.77
8/19/2017,8/23/2017,5-Aug,1.5891,1.5113,"11,520,370",34.81
8/19/2017,8/23/2017,12-Aug,1.636,1.5526,"10,741,788",34.67
8/19/2017,8/23/2017,19-Aug,1.6543,1.5738,"11,131,479",34.83
8/12/2017,8/16/2017,12-Aug,1.636,1.5526,"10,752,293",34.67
8/12/2017,8/16/2017,5-Aug,1.5891,1.5113,"11,520,371",34.81
8/12/2017,8/16/2017,29-Jul,1.5636,1.4863,"10,948,267",34.77
8/12/2017,8/16/2017,22-Jul,1.5238,1.4489,"9,233,624",34.8
8/12/2017,8/16/2017,15-Jul,1.488,1.4164,"13,441,457",34.87
8/5/2017,8/9/2017,8-Jul,1.4911,1.4204,"10,796,511",34.91
8/5/2017,8/9/2017,15-Jul,1.488,1.4164,"13,441,457",34.87
8/5/2017,8/9/2017,22-Jul,1.5238,1.4489,"9,233,624",34.8
8/5/2017,8/9/2017,29-Jul,1.5636,1.4863,"10,948,267",34.77
8/5/2017,8/9/2017,5-Aug,1.5902,1.5124,"11,361,822",34.81
7/29/2017,8/2/2017,29-Jul,1.5636,1.4863,"10,935,962",34.77
7/29/2017,8/2/2017,22-Jul,1.5238,1.4489,"9,233,624",34.8
7/29/2017,8/2/2017,15-Jul,1.488,1.4164,"13,441,457",34.87
7/29/2017,8/2/2017,8-Jul,1.4911,1.4204,"10,796,511",34.91
7/29/2017,8/2/2017,1-Jul,1.5125,1.4381,"12,210,435",34.79
7/22/2017,7/26/2017,24-Jun,1.571,1.4943,"11,220,932",34.82
7/22/2017,7/26/2017,1-Jul,1.5125,1.438,"12,210,435",34.79
7/22/2017,7/26/2017,8-Jul,1.4911,1.4204,"10,789,616",34.91
7/22/2017,7/26/2017,15-Jul,1.4887,1.4173,"12,831,031",34.88
7/22/2017,7/26/2017,22-Jul,1.5243,1.4493,"9,110,354",34.79
7/15/2017,7/19/2017,15-Jul,1.4893,1.4178,"12,765,578",34.88
7/15/2017,7/19/2017,8-Jul,1.4911,1.4204,"10,789,616",34.91
7/15/2017,7/19/2017,1-Jul,1.5125,1.438,"12,210,435",34.79
7/15/2017,7/19/2017,24-Jun,1.571,1.4943,"11,220,932",34.82
7/15/2017,7/19/2017,17-Jun,1.5987,1.5227,"11,656,724",34.9
7/8/2017,7/12/2017,10-Jun,1.633,1.5547,"12,832,612",34.88
7/8/2017,7/12/2017,17-Jun,1.5987,1.5227,"11,656,724",34.9
7/8/2017,7/12/2017,24-Jun,1.571,1.4943,"11,220,932",34.82
7/8/2017,7/12/2017,1-Jul,1.5125,1.438,"12,210,435",34.79
7/8/2017,7/12/2017,8-Jul,1.4918,1.4211,"10,467,959",34.91
7/1/2017,7/6/2017,1-Jul,1.5147,1.44,"11,798,391",34.78
7/1/2017,7/6/2017,24-Jun,1.571,1.4943,"11,220,932",34.82
7/1/2017,7/6/2017,17-Jun,1.5987,1.5227,"11,656,724",34.9
7/1/2017,7/6/2017,10-Jun,1.633,1.5547,"12,832,612",34.88
7/1/2017,7/6/2017,3-Jun,1.6128,1.5371,"11,961,197",34.95
6/24/2017,6/28/2017,27-May,1.6006,1.5278,"11,846,233",35.05
6/24/2017,6/28/2017,3-Jun,1.6128,1.5371,"11,961,197",34.95
6/24/2017,6/28/2017,10-Jun,1.633,1.5547,"12,832,612",34.88
6/24/2017,6/28/2017,17-Jun,1.5987,1.5227,"11,656,724",34.9
6/24/2017,6/28/2017,24-Jun,1.5724,1.4957,"11,094,954",34.82
6/17/2017,6/21/2017,17-Jun,1.5994,1.5234,"11,574,235",34.91
6/17/2017,6/21/2017,10-Jun,1.633,1.5547,"12,832,612",34.88
6/17/2017,6/21/2017,3-Jun,1.6128,1.5371,"11,961,197",34.95
6/17/2017,6/21/2017,27-May,1.6006,1.5278,"11,846,233",35.05
6/17/2017,6/21/2017,20-May,1.5576,1.4876,"13,085,102",35.08
6/10/2017,6/14/2017,13-May,1.5377,1.4675,"12,612,881",35.03
6/10/2017,6/14/2017,20-May,1.5576,1.4876,"13,085,102",35.08
6/10/2017,6/14/2017,27-May,1.6006,1.5278,"11,846,233",35.05
6/10/2017,6/14/2017,3-Jun,1.618,1.5424,"12,166,909",34.96
6/10/2017,6/14/2017,10-Jun,1.633,1.5547,"12,832,612",34.88
6/3/2017,6/7/2017,3-Jun,1.618,1.5424,"12,166,909",34.96
6/3/2017,6/7/2017,27-May,1.6006,1.5278,"11,846,233",35.05
6/3/2017,6/7/2017,20-May,1.5576,1.4876,"13,085,102",35.08
6/3/2017,6/7/2017,13-May,1.5377,1.4675,"12,612,881",35.03
6/3/2017,6/7/2017,6-May,1.5307,1.4573,"11,237,229",34.88
5/27/2017,6/1/2017,29-Apr,1.5407,1.4647,"13,777,558",34.78
5/27/2017,6/1/2017,6-May,1.5307,1.4573,"11,237,229",34.88
5/27/2017,6/1/2017,13-May,1.5377,1.4675,"12,612,881",35.03
5/27/2017,6/1/2017,20-May,1.5576,1.4876,"13,085,102",35.08
5/27/2017,6/1/2017,27-May,1.6006,1.5278,"11,846,233",35.05
5/20/2017,5/24/2017,20-May,1.5576,1.4876,"13,085,102",35.08
5/20/2017,5/24/2017,13-May,1.5377,1.4675,"12,612,881",35.03
5/20/2017,5/24/2017,6-May,1.5307,1.4573,"11,237,229",34.88
5/20/2017,5/24/2017,29-Apr,1.5404,1.4646,"13,869,969",34.79
5/20/2017,5/24/2017,22-Apr,1.5499,1.474,"13,871,996",34.81
5/13/2017,5/17/2017,15-Apr,1.5514,1.4747,"14,282,017",34.78
5/13/2017,5/17/2017,22-Apr,1.5499,1.474,"13,871,996",34.81
5/13/2017,5/17/2017,29-Apr,1.5404,1.4646,"13,869,969",34.79
5/13/2017,5/17/2017,6-May,1.5307,1.4573,"11,237,229",34.88
5/13/2017,5/17/2017,13-May,1.5377,1.4675,"12,612,881",35.03
5/6/2017,5/10/2017,6-May,1.5307,1.4573,"11,237,229",34.88
5/6/2017,5/10/2017,29-Apr,1.5404,1.4646,"13,869,969",34.79
5/6/2017,5/10/2017,22-Apr,1.5499,1.474,"13,871,996",34.81
5/6/2017,5/10/2017,15-Apr,1.5514,1.4747,"14,282,017",34.78
5/6/2017,5/10/2017,8-Apr,1.5247,1.4521,"14,091,699",34.9
4/29/2017,5/3/2017,1-Apr,1.5151,1.4422,"12,701,901",34.87
4/29/2017,5/3/2017,8-Apr,1.5247,1.4521,"14,091,699",34.9
4/29/2017,5/3/2017,15-Apr,1.5514,1.4747,"14,282,017",34.78
4/29/2017,5/3/2017,22-Apr,1.5499,1.474,"13,871,996",34.81
4/29/2017,5/3/2017,29-Apr,1.5404,1.4646,"13,869,969",34.79
4/22/2017,4/26/2017,22-Apr,1.5501,1.4743,"13,750,905",34.81
4/22/2017,4/26/2017,15-Apr,1.5513,1.4747,"14,198,870",34.78
4/22/2017,4/26/2017,8-Apr,1.5247,1.4521,"14,091,699",34.9
4/22/2017,4/26/2017,1-Apr,1.5151,1.4422,"12,701,901",34.87
4/22/2017,4/26/2017,25-Mar,1.5427,1.473,"13,745,912",35.07
4/15/2017,4/19/2017,18-Mar,1.6039,1.5246,"15,125,416",34.78
4/15/2017,4/19/2017,25-Mar,1.5427,1.473,"13,745,912",35.07
4/15/2017,4/19/2017,1-Apr,1.5151,1.4422,"12,701,901",34.87
4/15/2017,4/19/2017,8-Apr,1.5247,1.4521,"14,091,699",34.9
4/15/2017,4/19/2017,15-Apr,1.5513,1.4747,"14,198,870",34.78
4/8/2017,4/12/2017,8-Apr,1.5246,1.452,"14,050,974",34.9
4/8/2017,4/12/2017,1-Apr,1.5151,1.4422,"12,701,901",34.87
4/8/2017,4/12/2017,25-Mar,1.5427,1.473,"13,745,912",35.07
4/8/2017,4/12/2017,18-Mar,1.6039,1.5246,"15,125,416",34.78
4/8/2017,4/12/2017,11-Mar,1.6755,1.593,"13,549,405",34.79
4/1/2017,4/5/2017,4-Mar,1.7432,1.656,"13,242,921",34.74
4/1/2017,4/5/2017,11-Mar,1.6758,1.5932,"13,466,413",34.78
4/1/2017,4/5/2017,18-Mar,1.6039,1.5246,"15,125,416",34.78
4/1/2017,4/5/2017,25-Mar,1.5427,1.473,"13,745,912",35.07
4/1/2017,4/5/2017,1-Apr,1.5152,1.4424,"12,661,046",34.87
3/25/2017,3/29/2017,25-Mar,1.5427,1.473,"13,745,912",35.07
3/25/2017,3/29/2017,18-Mar,1.6039,1.5246,"15,125,416",34.78
3/25/2017,3/29/2017,11-Mar,1.6758,1.5932,"13,466,413",34.78
3/25/2017,3/29/2017,4-Mar,1.7432,1.656,"13,242,921",34.74
3/25/2017,3/29/2017,25-Feb,1.7698,1.6803,"10,926,824",34.7
3/18/2017,3/22/2017,18-Feb,1.7511,1.6619,"11,913,579",34.67
3/18/2017,3/22/2017,25-Feb,1.7698,1.6803,"10,926,824",34.7
3/18/2017,3/22/2017,4-Mar,1.7432,1.656,"13,242,921",34.74
3/18/2017,3/22/2017,11-Mar,1.6758,1.5932,"13,466,413",34.78
3/18/2017,3/22/2017,18-Mar,1.6058,1.5262,"14,797,151",34.77
3/11/2017,3/15/2017,11-Mar,1.6763,1.5936,"13,382,652",34.78
3/11/2017,3/15/2017,4-Mar,1.7432,1.656,"13,242,921",34.74
3/11/2017,3/15/2017,25-Feb,1.7698,1.6803,"10,926,824",34.7
3/11/2017,3/15/2017,18-Feb,1.7511,1.6619,"11,913,579",34.67
3/11/2017,3/15/2017,11-Feb,1.6668,1.5868,"12,390,349",34.87
3/4/2017,3/8/2017,4-Feb,1.6842,1.6062,"12,310,466",34.99
3/4/2017,3/8/2017,11-Feb,1.6668,1.5868,"12,390,349",34.87
3/4/2017,3/8/2017,18-Feb,1.7511,1.6619,"11,913,579",34.67
3/4/2017,3/8/2017,25-Feb,1.7698,1.6803,"10,926,824",34.7
3/4/2017,3/8/2017,4-Mar,1.7429,1.6559,"13,273,001",34.74
2/25/2017,3/1/2017,25-Feb,1.7698,1.6803,"10,926,824",34.7
2/25/2017,3/1/2017,18-Feb,1.7511,1.662,"11,874,071",34.67
2/25/2017,3/1/2017,11-Feb,1.6668,1.5868,"12,390,349",34.87
2/25/2017,3/1/2017,4-Feb,1.6842,1.6062,"12,310,466",34.99
2/25/2017,3/1/2017,28-Jan,1.7316,1.6502,"11,741,032",34.94
2/18/2017,2/23/2017,21-Jan,1.7325,1.6524,"11,723,737",34.99
2/18/2017,2/23/2017,28-Jan,1.7316,1.6502,"11,741,032",34.94
2/18/2017,2/23/2017,4-Feb,1.6842,1.6062,"12,310,466",34.99
2/18/2017,2/23/2017,11-Feb,1.6668,1.5868,"12,390,349",34.87
2/18/2017,2/23/2017,18-Feb,1.7511,1.662,"11,874,071",34.67
2/11/2017,2/15/2017,11-Feb,1.6668,1.5868,"12,390,349",34.87
2/11/2017,2/15/2017,4-Feb,1.6842,1.6062,"12,310,466",34.99
2/11/2017,2/15/2017,28-Jan,1.7316,1.6502,"11,741,032",34.94
2/11/2017,2/15/2017,21-Jan,1.7325,1.6524,"11,723,737",34.99
2/11/2017,2/15/2017,14-Jan,1.7193,1.6393,"13,702,669",34.97
2/4/2017,2/8/2017,7-Jan,1.7453,1.6589,"9,571,316",34.77
2/4/2017,2/8/2017,14-Jan,1.7193,1.6393,"13,702,669",34.97
2/4/2017,2/8/2017,21-Jan,1.7325,1.6524,"11,723,737",34.99
2/4/2017,2/8/2017,28-Jan,1.7316,1.6502,"11,741,032",34.94
2/4/2017,2/8/2017,4-Feb,1.6842,1.6062,"12,310,466",34.99
1/28/2017,2/1/2017,28-Jan,1.7314,1.65,"11,660,026",34.94
1/28/2017,2/1/2017,21-Jan,1.7325,1.6524,"11,723,737",34.99
1/28/2017,2/1/2017,14-Jan,1.7193,1.6393,"13,702,669",34.97
1/28/2017,2/1/2017,7-Jan,1.7453,1.6589,"9,571,316",34.77
1/28/2017,2/1/2017,31-Dec,1.7644,1.6813,"9,501,625",34.94
1/21/2017,1/25/2017,24-Dec,1.7882,1.704,"10,798,260",34.94
1/21/2017,1/25/2017,31-Dec,1.7644,1.6813,"9,501,625",34.94
1/21/2017,1/25/2017,7-Jan,1.7439,1.6575,"9,571,316",34.77
1/21/2017,1/25/2017,14-Jan,1.719,1.639,"13,700,563",34.97
1/21/2017,1/25/2017,21-Jan,1.7287,1.6489,"11,640,854",35
1/14/2017,1/19/2017,14-Jan,1.719,1.639,"13,700,563",34.97
1/14/2017,1/19/2017,7-Jan,1.7439,1.6575,"9,571,316",34.77
1/14/2017,1/19/2017,31-Dec,1.7644,1.6813,"9,501,625",34.94
1/14/2017,1/19/2017,24-Dec,1.7882,1.704,"10,798,260",34.94
1/14/2017,1/19/2017,17-Dec,1.7761,1.6928,"12,412,307",34.95
1/7/2017,1/11/2017,10-Dec,1.8146,1.7338,"12,170,956",35.11
1/7/2017,1/11/2017,17-Dec,1.7761,1.6928,"12,412,307",34.95
1/7/2017,1/11/2017,24-Dec,1.7882,1.704,"10,798,260",34.94
1/7/2017,1/11/2017,31-Dec,1.7644,1.6813,"9,501,625",34.94
1/7/2017,1/11/2017,7-Jan,1.7446,1.6576,"9,406,780",34.75
12/31/2016,1/5/2017,31-Dec,1.7644,1.6813,"9,501,625",34.94
12/31/2016,1/5/2017,24-Dec,1.7882,1.704,"10,798,260",34.94
12/31/2016,1/5/2017,17-Dec,1.7761,1.6928,"12,412,307",34.95
12/31/2016,1/5/2017,10-Dec,1.8146,1.7338,"12,170,956",35.11
12/31/2016,1/5/2017,3-Dec,1.8699,1.7847,"11,657,916",35.04
12/24/2016,12/29/2016,26-Nov,1.8756,1.7868,"10,265,375",34.92
12/24/2016,12/29/2016,3-Dec,1.8699,1.7847,"11,657,916",35.04
12/24/2016,12/29/2016,10-Dec,1.8146,1.7338,"12,170,956",35.11
12/24/2016,12/29/2016,17-Dec,1.7761,1.6928,"12,412,307",34.95
12/24/2016,12/29/2016,24-Dec,1.7881,1.7039,"10,755,551",34.94
12/17/2016,12/21/2016,17-Dec,1.7751,1.6916,"12,247,325",34.94
12/17/2016,12/21/2016,10-Dec,1.8146,1.7338,"12,170,956",35.11
12/17/2016,12/21/2016,3-Dec,1.8699,1.7847,"11,657,916",35.04
12/17/2016,12/21/2016,26-Nov,1.8756,1.7868,"10,265,375",34.92
12/17/2016,12/21/2016,19-Nov,1.8678,1.7763,"10,120,762",34.81
12/10/2016,12/14/2016,12-Nov,1.7657,1.6852,"11,144,642",35.04
12/10/2016,12/14/2016,19-Nov,1.8678,1.7763,"10,120,762",34.81
12/10/2016,12/14/2016,26-Nov,1.8756,1.7868,"10,265,375",34.92
12/10/2016,12/14/2016,3-Dec,1.8699,1.7847,"11,657,916",35.04
12/10/2016,12/14/2016,10-Dec,1.8146,1.7338,"12,170,956",35.11
12/3/2016,12/7/2016,3-Dec,1.8702,1.7851,"11,331,492",35.04
12/3/2016,12/7/2016,26-Nov,1.8756,1.7868,"10,265,375",34.92
12/3/2016,12/7/2016,19-Nov,1.8678,1.7763,"10,120,762",34.81
12/3/2016,12/7/2016,12-Nov,1.7657,1.6852,"11,144,642",35.04
12/3/2016,12/7/2016,5-Nov,1.6743,1.5958,"10,840,769",34.95
11/26/2016,11/30/2016,29-Oct,1.6478,1.5716,"10,047,139",34.99
11/26/2016,11/30/2016,5-Nov,1.6743,1.5958,"10,840,769",34.95
11/26/2016,11/30/2016,12-Nov,1.7657,1.6852,"11,144,642",35.04
11/26/2016,11/30/2016,19-Nov,1.8678,1.7763,"10,120,762",34.81
11/26/2016,11/30/2016,26-Nov,1.8756,1.7868,"10,265,375",34.92
11/19/2016,11/23/2016,19-Nov,1.8678,1.7763,"10,120,762",34.81
11/19/2016,11/23/2016,12-Nov,1.7657,1.6852,"11,144,642",35.04
11/19/2016,11/23/2016,5-Nov,1.6743,1.5958,"10,840,769",34.95
11/19/2016,11/23/2016,29-Oct,1.6478,1.5716,"10,047,139",34.99
11/19/2016,11/23/2016,22-Oct,1.5993,1.5253,"10,393,863",34.99
11/12/2016,11/16/2016,15-Oct,1.6169,1.544,"11,036,981",35.07
11/12/2016,11/16/2016,22-Oct,1.5993,1.5253,"10,393,863",34.99
11/12/2016,11/16/2016,29-Oct,1.6478,1.5716,"10,047,139",34.99
11/12/2016,11/16/2016,5-Nov,1.6743,1.5958,"10,840,769",34.95
11/12/2016,11/16/2016,12-Nov,1.7657,1.6852,"11,144,642",35.04
11/5/2016,11/9/2016,5-Nov,1.6743,1.5958,"10,840,769",34.95
11/5/2016,11/9/2016,29-Oct,1.6478,1.5716,"10,047,139",34.99
11/5/2016,11/9/2016,22-Oct,1.5993,1.5253,"10,393,863",34.99
11/5/2016,11/9/2016,15-Oct,1.6169,1.544,"11,037,044",35.07
11/5/2016,11/9/2016,8-Oct,1.6144,1.5424,"10,557,601",35.11
10/29/2016,11/2/2016,1-Oct,1.679,1.5952,"11,166,195",34.74
10/29/2016,11/2/2016,8-Oct,1.6144,1.5424,"10,557,601",35.11
10/29/2016,11/2/2016,15-Oct,1.6169,1.544,"11,037,538",35.07
10/29/2016,11/2/2016,22-Oct,1.5991,1.525,"10,393,863",34.99
10/29/2016,11/2/2016,29-Oct,1.6478,1.5716,"10,047,140",34.99
10/22/2016,10/26/2016,22-Oct,1.5991,1.525,"10,393,863",34.99
10/22/2016,10/26/2016,15-Oct,1.6169,1.544,"11,037,538",35.07
10/22/2016,10/26/2016,8-Oct,1.6144,1.5424,"10,557,601",35.11
10/22/2016,10/26/2016,1-Oct,1.679,1.5952,"11,166,195",34.74
10/22/2016,10/26/2016,24-Sep,1.7223,1.6413,"10,757,116",34.94
10/15/2016,10/19/2016,17-Sep,1.8087,1.7227,"10,010,550",34.91
10/15/2016,10/19/2016,24-Sep,1.7223,1.6413,"10,757,116",34.94
10/15/2016,10/19/2016,1-Oct,1.679,1.5952,"11,166,195",34.74
10/15/2016,10/19/2016,8-Oct,1.6144,1.5424,"10,557,601",35.11
10/15/2016,10/19/2016,15-Oct,1.6169,1.544,"11,037,538",35.07
10/8/2016,10/13/2016,8-Oct,1.6144,1.5424,"10,557,601",35.11
10/8/2016,10/13/2016,1-Oct,1.679,1.5952,"11,166,195",34.74
10/8/2016,10/13/2016,24-Sep,1.7223,1.6413,"10,757,116",34.94
10/8/2016,10/13/2016,17-Sep,1.8087,1.7227,"10,010,550",34.91
10/8/2016,10/13/2016,10-Sep,1.8445,1.7613,"10,390,836",35.07
10/1/2016,10/5/2016,3-Sep,1.9669,1.8764,"9,253,676",35.01
10/1/2016,10/5/2016,10-Sep,1.8445,1.7613,"10,390,836",35.07
10/1/2016,10/5/2016,17-Sep,1.8087,1.7227,"10,010,550",34.91
10/1/2016,10/5/2016,24-Sep,1.7223,1.6413,"10,757,116",34.94
10/1/2016,10/5/2016,1-Oct,1.6788,1.595,"11,166,195",34.74
9/24/2016,9/28/2016,24-Sep,1.7223,1.6413,"10,757,116",34.94
9/24/2016,9/28/2016,17-Sep,1.8087,1.7227,"10,010,550",34.91
9/24/2016,9/28/2016,10-Sep,1.8445,1.7613,"10,390,836",35.07
9/24/2016,9/28/2016,3-Sep,1.9669,1.8764,"9,253,676",35.01
9/24/2016,9/28/2016,27-Aug,2.0031,1.9057,"8,831,636",34.83
9/17/2016,9/21/2016,20-Aug,1.9737,1.8816,"10,344,607",34.96
9/17/2016,9/21/2016,27-Aug,2.0033,1.9057,"8,873,736",34.83
9/17/2016,9/21/2016,3-Sep,1.967,1.8765,"9,243,193",35.01
9/17/2016,9/21/2016,10-Sep,1.8445,1.7613,"10,390,836",35.07
9/17/2016,9/21/2016,17-Sep,1.8093,1.7234,"9,957,084",34.91
9/10/2016,9/14/2016,10-Sep,1.8445,1.7613,"10,390,836",35.07
9/10/2016,9/14/2016,3-Sep,1.967,1.8765,"9,243,193",35.01
9/10/2016,9/14/2016,27-Aug,2.0033,1.9057,"8,873,736",34.83
9/10/2016,9/14/2016,20-Aug,1.9737,1.8816,"10,344,607",34.96
9/10/2016,9/14/2016,13-Aug,1.9411,1.8433,"9,945,980",34.71
9/3/2016,9/8/2016,6-Aug,1.9105,1.8117,"9,666,063",34.62
9/3/2016,9/8/2016,13-Aug,1.9411,1.8433,"9,945,980",34.71
9/3/2016,9/8/2016,20-Aug,1.9737,1.8816,"10,344,607",34.96
9/3/2016,9/8/2016,27-Aug,2.0033,1.9057,"8,873,736",34.83
9/3/2016,9/8/2016,3-Sep,1.9663,1.8761,"9,163,641",35.02
8/27/2016,8/31/2016,27-Aug,2.0037,1.9062,"8,831,819",34.83
8/27/2016,8/31/2016,20-Aug,1.9737,1.8816,"10,344,607",34.96
8/27/2016,8/31/2016,13-Aug,1.9411,1.8433,"9,945,980",34.71
8/27/2016,8/31/2016,6-Aug,1.9105,1.8117,"9,666,063",34.62
8/27/2016,8/31/2016,30-Jul,1.8678,1.7729,"9,510,562",34.68
8/20/2016,8/24/2016,23-Jul,1.8299,1.7403,"8,734,554",34.81
8/20/2016,8/24/2016,30-Jul,1.8678,1.7729,"9,510,562",34.68
8/20/2016,8/24/2016,6-Aug,1.9105,1.8117,"9,666,063",34.62
8/20/2016,8/24/2016,13-Aug,1.9411,1.8433,"9,945,980",34.71
8/20/2016,8/24/2016,20-Aug,1.9737,1.8816,"10,344,607",34.96
8/13/2016,8/17/2016,13-Aug,1.9411,1.8433,"9,945,980",34.71
8/13/2016,8/17/2016,6-Aug,1.9105,1.8117,"9,666,063",34.62
8/13/2016,8/17/2016,30-Jul,1.8684,1.7729,"9,459,430",34.66
8/13/2016,8/17/2016,23-Jul,1.8299,1.7403,"8,734,554",34.81
8/13/2016,8/17/2016,16-Jul,1.78,1.6925,"10,174,982",34.8
8/6/2016,8/10/2016,9-Jul,1.7221,1.6352,"10,358,559",34.71
8/6/2016,8/10/2016,16-Jul,1.78,1.6925,"10,174,982",34.8
8/6/2016,8/10/2016,23-Jul,1.8299,1.7403,"8,734,554",34.81
8/6/2016,8/10/2016,30-Jul,1.8684,1.7729,"9,459,430",34.66
8/6/2016,8/10/2016,6-Aug,1.9106,1.8119,"9,706,959",34.62
7/30/2016,8/3/2016,30-Jul,1.8684,1.7729,"9,459,430",34.66
7/30/2016,8/3/2016,23-Jul,1.8299,1.7403,"8,734,554",34.81
7/30/2016,8/3/2016,16-Jul,1.78,1.6925,"10,174,982",34.8
7/30/2016,8/3/2016,9-Jul,1.7221,1.6352,"10,358,559",34.71
7/30/2016,8/3/2016,2-Jul,1.6613,1.5822,"9,452,586",34.9
7/23/2016,7/27/2016,25-Jun,1.6339,1.5602,"10,344,662",35.07
7/23/2016,7/27/2016,2-Jul,1.6613,1.5822,"9,452,586",34.9
7/23/2016,7/27/2016,9-Jul,1.7221,1.6352,"10,358,559",34.71
7/23/2016,7/27/2016,16-Jul,1.78,1.6925,"10,174,982",34.8
7/23/2016,7/27/2016,23-Jul,1.8299,1.7403,"8,734,554",34.81
7/16/2016,7/20/2016,16-Jul,1.78,1.6925,"10,174,982",34.8
7/16/2016,7/20/2016,9-Jul,1.7221,1.6352,"10,358,559",34.71
7/16/2016,7/20/2016,2-Jul,1.6613,1.5822,"9,452,586",34.9
7/16/2016,7/20/2016,25-Jun,1.6339,1.5602,"10,344,662",35.07
7/16/2016,7/20/2016,18-Jun,1.5781,1.5065,"9,676,803",35.05
7/9/2016,7/13/2016,11-Jun,1.5262,1.4538,"10,619,996",34.91
7/9/2016,7/13/2016,18-Jun,1.5781,1.5065,"9,676,803",35.05
7/9/2016,7/13/2016,25-Jun,1.6339,1.5602,"10,344,662",35.07
7/9/2016,7/13/2016,2-Jul,1.6613,1.5822,"9,452,586",34.9
7/9/2016,7/13/2016,9-Jul,1.7221,1.6352,"10,358,559",34.71
7/2/2016,7/7/2016,2-Jul,1.6613,1.5822,"9,452,586",34.9
7/2/2016,7/7/2016,25-Jun,1.6339,1.5602,"10,344,662",35.07
7/2/2016,7/7/2016,18-Jun,1.5781,1.5065,"9,676,803",35.05
7/2/2016,7/7/2016,11-Jun,1.5262,1.4538,"10,619,996",34.91
7/2/2016,7/7/2016,4-Jun,1.4859,1.4159,"11,243,509",34.94
6/25/2016,6/29/2016,28-May,1.4484,1.3825,"10,419,878",35.04
6/25/2016,6/29/2016,4-Jun,1.4859,1.4159,"11,243,509",34.94
6/25/2016,6/29/2016,11-Jun,1.5262,1.4538,"10,619,996",34.91
6/25/2016,6/29/2016,18-Jun,1.5781,1.5065,"9,676,803",35.05
6/25/2016,6/29/2016,25-Jun,1.6338,1.5602,"10,302,611",35.08
6/18/2016,6/22/2016,18-Jun,1.5781,1.5065,"9,676,803",35.05
6/18/2016,6/22/2016,11-Jun,1.5262,1.4538,"10,619,996",34.91
6/18/2016,6/22/2016,4-Jun,1.4859,1.4159,"11,243,509",34.94
6/18/2016,6/22/2016,28-May,1.4484,1.3825,"10,419,878",35.04
6/18/2016,6/22/2016,21-May,1.4213,1.3544,"10,785,386",34.94
6/11/2016,6/15/2016,14-May,1.4906,1.4218,"10,623,959",35
6/11/2016,6/15/2016,21-May,1.427,1.3595,"10,255,800",34.92
6/11/2016,6/15/2016,28-May,1.4507,1.3845,"10,019,383",35.04
6/11/2016,6/15/2016,4-Jun,1.4866,1.4167,"11,035,897",34.94
6/11/2016,6/15/2016,11-Jun,1.5277,1.4552,"10,204,458",34.91
6/4/2016,6/8/2016,4-Jun,1.4866,1.4167,"11,035,897",34.94
6/4/2016,6/8/2016,28-May,1.4507,1.3845,"10,019,383",35.04
6/4/2016,6/8/2016,21-May,1.427,1.3595,"10,255,800",34.92
6/4/2016,6/8/2016,14-May,1.4906,1.4218,"10,623,959",35
6/4/2016,6/8/2016,7-May,1.5302,1.4605,"10,293,517",35.04
5/28/2016,6/2/2016,30-Apr,1.5452,1.4727,"10,394,852",34.95
5/28/2016,6/2/2016,7-May,1.5302,1.4605,"10,293,517",35.04
5/28/2016,6/2/2016,14-May,1.4906,1.4218,"10,623,959",35
5/28/2016,6/2/2016,21-May,1.427,1.3595,"10,255,800",34.92
5/28/2016,6/2/2016,28-May,1.4511,1.3849,"10,019,383",35.04
5/21/2016,5/25/2016,21-May,1.427,1.3595,"10,255,800",34.92
5/21/2016,5/25/2016,14-May,1.4906,1.4218,"10,623,959",35
5/21/2016,5/25/2016,7-May,1.5302,1.4605,"10,293,517",35.04
5/21/2016,5/25/2016,30-Apr,1.5452,1.4727,"10,394,852",34.95
5/21/2016,5/25/2016,23-Apr,1.5488,1.4778,"9,836,879",35.02
5/14/2016,5/18/2016,16-Apr,1.5618,1.4895,"10,899,700",34.99
5/14/2016,5/18/2016,23-Apr,1.5488,1.4778,"9,836,879",35.02
5/14/2016,5/18/2016,30-Apr,1.5452,1.4727,"10,394,852",34.95
5/14/2016,5/18/2016,7-May,1.5302,1.4605,"10,293,517",35.04
5/14/2016,5/18/2016,14-May,1.4906,1.4218,"10,623,959",35
5/7/2016,5/11/2016,7-May,1.5305,1.4608,"10,167,273",35.04
5/7/2016,5/11/2016,30-Apr,1.5452,1.4727,"10,394,852",34.95
5/7/2016,5/11/2016,23-Apr,1.5488,1.4778,"9,836,879",35.02
5/7/2016,5/11/2016,16-Apr,1.5618,1.4895,"10,899,700",34.99
5/7/2016,5/11/2016,9-Apr,1.5731,1.501,"9,758,965",35.02
4/30/2016,5/4/2016,2-Apr,1.5844,1.5104,"9,373,016",34.96
4/30/2016,5/4/2016,9-Apr,1.5731,1.501,"9,758,965",35.02
4/30/2016,5/4/2016,16-Apr,1.5618,1.4895,"10,899,700",34.99
4/30/2016,5/4/2016,23-Apr,1.5488,1.4778,"9,836,879",35.02
4/30/2016,5/4/2016,30-Apr,1.5452,1.4727,"10,394,852",34.95
4/23/2016,4/27/2016,23-Apr,1.5417,1.4716,"10,534,298",35.05
4/23/2016,4/27/2016,16-Apr,1.5569,1.4853,"11,439,298",35.01
4/23/2016,4/27/2016,9-Apr,1.5731,1.501,"9,758,965",35.02
4/23/2016,4/27/2016,2-Apr,1.5844,1.5104,"9,373,016",34.96
4/23/2016,4/27/2016,26-Mar,1.5712,1.4981,"8,890,623",34.98
4/16/2016,4/20/2016,19-Mar,1.5779,1.5041,"10,275,065",34.96
4/16/2016,4/20/2016,26-Mar,1.5712,1.4981,"8,890,623",34.98
4/16/2016,4/20/2016,2-Apr,1.5844,1.5104,"9,373,016",34.96
4/16/2016,4/20/2016,9-Apr,1.5733,1.5012,"9,675,065",35.02
4/16/2016,4/20/2016,16-Apr,1.5569,1.4853,"11,439,298",35.01
4/9/2016,4/13/2016,9-Apr,1.5733,1.5012,"9,675,065",35.02
4/9/2016,4/13/2016,2-Apr,1.5844,1.5104,"9,373,016",34.96
4/9/2016,4/13/2016,26-Mar,1.5712,1.4981,"8,890,623",34.98
4/9/2016,4/13/2016,19-Mar,1.5779,1.5041,"10,275,065",34.96
4/9/2016,4/13/2016,12-Mar,1.5695,1.4976,"9,708,171",35.02
4/2/2016,4/6/2016,5-Mar,1.5683,1.4962,"9,874,812",35.01
4/2/2016,4/6/2016,12-Mar,1.5695,1.4976,"9,708,171",35.02
4/2/2016,4/6/2016,19-Mar,1.5779,1.5041,"10,275,065",34.96
4/2/2016,4/6/2016,26-Mar,1.5712,1.4981,"8,890,623",34.98
4/2/2016,4/6/2016,2-Apr,1.5843,1.5104,"9,289,263",34.97
3/26/2016,3/30/2016,26-Mar,1.5712,1.4981,"8,890,623",34.98
3/26/2016,3/30/2016,19-Mar,1.5779,1.5041,"10,275,065",34.96
3/26/2016,3/30/2016,12-Mar,1.5695,1.4976,"9,708,171",35.02
3/26/2016,3/30/2016,5-Mar,1.5683,1.4962,"9,874,812",35.01
3/26/2016,3/30/2016,27-Feb,1.5958,1.5205,"8,779,044",34.93
3/19/2016,3/23/2016,20-Feb,1.5833,1.5126,"9,508,649",35.1
3/19/2016,3/23/2016,27-Feb,1.5958,1.5205,"8,779,044",34.93
3/19/2016,3/23/2016,5-Mar,1.5683,1.4962,"9,874,812",35.01
3/19/2016,3/23/2016,12-Mar,1.5694,1.4975,"9,624,946",35.03
3/19/2016,3/23/2016,19-Mar,1.5779,1.5041,"10,275,065",34.96
3/12/2016,3/16/2016,12-Mar,1.5694,1.4975,"9,624,946",35.03
3/12/2016,3/16/2016,5-Mar,1.5683,1.4962,"9,874,812",35.01
3/12/2016,3/16/2016,27-Feb,1.5958,1.5205,"8,779,044",34.93
3/12/2016,3/16/2016,20-Feb,1.5833,1.5126,"9,508,649",35.1
3/12/2016,3/16/2016,13-Feb,1.5797,1.5074,"9,673,471",35.02
3/5/2016,3/9/2016,6-Feb,1.5799,1.5102,"9,478,002",35.14
3/5/2016,3/9/2016,13-Feb,1.5797,1.5074,"9,673,471",35.02
3/5/2016,3/9/2016,20-Feb,1.5833,1.5126,"9,508,649",35.1
3/5/2016,3/9/2016,27-Feb,1.5958,1.5205,"8,779,044",34.93
3/5/2016,3/9/2016,5-Mar,1.5685,1.4965,"9,833,272",35.02
2/27/2016,3/2/2016,27-Feb,1.5958,1.5207,"8,695,026",34.94
2/27/2016,3/2/2016,20-Feb,1.5833,1.5126,"9,508,649",35.1
2/27/2016,3/2/2016,13-Feb,1.5797,1.5074,"9,673,471",35.02
2/27/2016,3/2/2016,6-Feb,1.5799,1.5102,"9,478,002",35.14
2/27/2016,3/2/2016,30-Jan,1.618,1.542,"10,360,803",34.94
2/20/2016,2/24/2016,23-Jan,1.6387,1.5626,"10,403,831",34.98
2/20/2016,2/24/2016,30-Jan,1.618,1.542,"10,360,803",34.94
2/20/2016,2/24/2016,6-Feb,1.5799,1.5102,"9,478,002",35.14
2/20/2016,2/24/2016,13-Feb,1.5797,1.5074,"9,673,471",35.02
2/20/2016,2/24/2016,20-Feb,1.5835,1.5128,"9,466,774",35.1
2/13/2016,2/18/2016,13-Feb,1.5797,1.5074,"9,673,471",35.03
2/13/2016,2/18/2016,6-Feb,1.5799,1.5102,"9,478,002",35.14
2/13/2016,2/18/2016,30-Jan,1.618,1.542,"10,360,803",34.94
2/13/2016,2/18/2016,23-Jan,1.6387,1.5626,"10,403,831",34.98
2/13/2016,2/18/2016,16-Jan,1.6201,1.5432,"11,285,012",34.91
2/6/2016,2/10/2016,9-Jan,1.5873,1.516,"11,141,233",35.08
2/6/2016,2/10/2016,16-Jan,1.6201,1.5432,"11,285,012",34.91
2/6/2016,2/10/2016,23-Jan,1.6387,1.5626,"10,403,831",34.98
2/6/2016,2/10/2016,30-Jan,1.618,1.542,"10,360,803",34.94
2/6/2016,2/10/2016,6-Feb,1.5799,1.5102,"9,478,002",35.14
1/30/2016,2/3/2016,30-Jan,1.618,1.542,"10,360,803",34.94
1/30/2016,2/3/2016,23-Jan,1.6387,1.5626,"10,403,831",34.98
1/30/2016,2/3/2016,16-Jan,1.6201,1.5432,"11,285,012",34.91
1/30/2016,2/3/2016,9-Jan,1.5873,1.516,"11,141,233",35.08
1/30/2016,2/3/2016,2-Jan,1.5586,1.4856,"9,167,653",34.95
1/23/2016,1/27/2016,26-Dec,1.5744,1.4973,"8,629,095",34.81
1/23/2016,1/27/2016,2-Jan,1.5586,1.4856,"9,167,653",34.95
1/23/2016,1/27/2016,9-Jan,1.5873,1.516,"11,141,233",35.08
1/23/2016,1/27/2016,16-Jan,1.6201,1.5432,"11,285,012",34.91
1/23/2016,1/27/2016,23-Jan,1.6387,1.5626,"10,403,831",34.98
1/16/2016,1/21/2016,16-Jan,1.6201,1.5432,"11,285,012",34.91
1/16/2016,1/21/2016,9-Jan,1.5873,1.516,"11,141,233",35.08
1/16/2016,1/21/2016,2-Jan,1.5586,1.4856,"9,167,653",34.95
1/16/2016,1/21/2016,26-Dec,1.5744,1.4973,"8,629,095",34.81
1/16/2016,1/21/2016,19-Dec,1.6124,1.5362,"10,400,022",34.93
1/9/2016,1/13/2016,12-Dec,1.6235,1.5525,"10,316,439",35.16
1/9/2016,1/13/2016,19-Dec,1.6124,1.5362,"10,400,022",34.93
1/9/2016,1/13/2016,26-Dec,1.5744,1.4973,"8,629,095",34.81
1/9/2016,1/13/2016,2-Jan,1.5586,1.4857,"8,839,183",34.96
1/9/2016,1/13/2016,9-Jan,1.5873,1.516,"11,141,233",35.08
1/2/2016,1/6/2016,2-Jan,1.5569,1.4845,"8,636,161",34.97
1/2/2016,1/6/2016,26-Dec,1.5754,1.4981,"8,669,656",34.8
1/2/2016,1/6/2016,19-Dec,1.6124,1.5362,"10,400,022",34.93
1/2/2016,1/6/2016,12-Dec,1.6235,1.5525,"10,316,439",35.16
1/2/2016,1/6/2016,5-Dec,1.6349,1.5585,"9,709,622",34.96
12/26/2015,12/30/2015,28-Nov,1.6321,1.5567,"8,199,380",35
12/26/2015,12/30/2015,5-Dec,1.6349,1.5585,"9,709,622",34.96
12/26/2015,12/30/2015,12-Dec,1.6235,1.5525,"10,316,439",35.16
12/26/2015,12/30/2015,19-Dec,1.6124,1.5362,"10,400,022",34.93
12/26/2015,12/30/2015,26-Dec,1.5759,1.4983,"8,590,783",34.79
12/19/2015,12/23/2015,19-Dec,1.6124,1.5362,"10,400,022",34.93
12/19/2015,12/23/2015,12-Dec,1.6235,1.5525,"10,316,439",35.16
12/19/2015,12/23/2015,5-Dec,1.6349,1.5585,"9,709,622",34.96
12/19/2015,12/23/2015,28-Nov,1.6321,1.5567,"8,199,380",35
12/19/2015,12/23/2015,21-Nov,1.6943,1.6154,"9,903,311",34.97
12/12/2015,12/16/2015,14-Nov,1.7261,1.6437,"9,769,834",34.89
12/12/2015,12/16/2015,21-Nov,1.6943,1.6154,"9,903,311",34.97
12/12/2015,12/16/2015,28-Nov,1.6321,1.5567,"8,199,380",35
12/12/2015,12/16/2015,5-Dec,1.6349,1.5585,"9,709,622",34.96
12/12/2015,12/16/2015,12-Dec,1.6176,1.5466,"10,421,359",35.15
12/5/2015,12/9/2015,5-Dec,1.6349,1.5585,"9,709,622",34.96
12/5/2015,12/9/2015,28-Nov,1.6328,1.5572,"8,159,307",34.99
12/5/2015,12/9/2015,21-Nov,1.6943,1.6154,"9,903,311",34.97
12/5/2015,12/9/2015,14-Nov,1.7261,1.6437,"9,769,834",34.89
12/5/2015,12/9/2015,7-Nov,1.7078,1.6323,"9,159,344",35.13
11/28/2015,12/2/2015,31-Oct,1.7406,1.66,"10,186,186",34.99
11/28/2015,12/2/2015,7-Nov,1.686,1.6115,"9,159,344",35.13
11/28/2015,12/2/2015,14-Nov,1.7261,1.6437,"9,769,834",34.89
11/28/2015,12/2/2015,21-Nov,1.6943,1.6154,"9,903,311",34.97
11/28/2015,12/2/2015,28-Nov,1.6332,1.5577,"8,077,043",34.99
11/21/2015,11/25/2015,21-Nov,1.6943,1.6154,"9,903,311",34.97
11/21/2015,11/25/2015,14-Nov,1.7261,1.6437,"9,769,834",34.89
11/21/2015,11/25/2015,7-Nov,1.686,1.6115,"9,159,344",35.13
11/21/2015,11/25/2015,31-Oct,1.7406,1.66,"10,186,186",34.99
11/21/2015,11/25/2015,24-Oct,1.7637,1.6817,"8,974,990",34.98
11/14/2015,11/18/2015,17-Oct,1.7232,1.6477,"9,081,807",35.16
11/14/2015,11/18/2015,24-Oct,1.7637,1.6817,"8,974,990",34.98
11/14/2015,11/18/2015,31-Oct,1.7406,1.66,"10,186,186",34.99
11/14/2015,11/18/2015,7-Nov,1.6858,1.6113,"9,159,856",35.13
11/14/2015,11/18/2015,14-Nov,1.7261,1.6435,"9,730,209",34.88
11/7/2015,11/12/2015,7-Nov,1.7077,1.6323,"9,117,766",35.14
11/7/2015,11/12/2015,31-Oct,1.7406,1.66,"10,186,186",34.99
11/7/2015,11/12/2015,24-Oct,1.7636,1.6816,"8,981,091",34.98
11/7/2015,11/12/2015,17-Oct,1.7232,1.6477,"9,081,807",35.16
11/7/2015,11/12/2015,10-Oct,1.6815,1.603,"10,172,769",34.97
10/31/2015,11/4/2015,3-Oct,1.6783,1.599,"9,249,459",34.93
10/31/2015,11/4/2015,10-Oct,1.6815,1.603,"10,172,769",34.97
10/31/2015,11/4/2015,17-Oct,1.7232,1.6477,"9,081,807",35.16
10/31/2015,11/4/2015,24-Oct,1.7638,1.6818,"8,980,091",34.98
10/31/2015,11/4/2015,31-Oct,1.7405,1.6601,"10,119,902",35
10/24/2015,10/28/2015,24-Oct,1.7649,1.6828,"8,980,091",34.98
10/24/2015,10/28/2015,17-Oct,1.7244,1.6487,"9,122,587",35.15
10/24/2015,10/28/2015,10-Oct,1.6802,1.6019,"10,131,989",34.97
10/24/2015,10/28/2015,3-Oct,1.6783,1.599,"9,249,459",34.93
10/24/2015,10/28/2015,26-Sep,1.7212,1.6426,"10,456,388",35.03
10/17/2015,10/21/2015,19-Sep,1.7718,1.6885,"9,407,352",34.94
10/17/2015,10/21/2015,26-Sep,1.7212,1.6426,"10,456,388",35.03
10/17/2015,10/21/2015,3-Oct,1.6783,1.599,"9,249,459",34.93
10/17/2015,10/21/2015,10-Oct,1.6802,1.6019,"10,131,989",34.97
10/17/2015,10/21/2015,17-Oct,1.7244,1.648,"9,122,587",35.12
10/10/2015,10/15/2015,10-Oct,1.6802,1.6019,"10,131,989",34.97
10/10/2015,10/15/2015,3-Oct,1.6783,1.599,"9,249,459",34.93
10/10/2015,10/15/2015,26-Sep,1.7212,1.6426,"10,456,388",35.03
10/10/2015,10/15/2015,19-Sep,1.7718,1.6885,"9,407,352",34.94
10/10/2015,10/15/2015,12-Sep,1.7717,1.6879,"11,884,187",34.92
10/3/2015,10/7/2015,5-Sep,1.7676,1.6861,"12,430,387",35
10/3/2015,10/7/2015,12-Sep,1.7717,1.6879,"11,884,187",34.92
10/3/2015,10/7/2015,19-Sep,1.7718,1.6885,"9,407,352",34.94
10/3/2015,10/7/2015,26-Sep,1.7217,1.6429,"10,416,791",35.03
10/3/2015,10/7/2015,3-Oct,1.6778,1.599,"9,085,703",34.94
9/26/2015,9/30/2015,26-Sep,1.7217,1.6429,"10,416,791",35.03
9/26/2015,9/30/2015,19-Sep,1.7718,1.6885,"9,407,352",34.94
9/26/2015,9/30/2015,12-Sep,1.7717,1.6879,"11,884,187",34.92
9/26/2015,9/30/2015,5-Sep,1.7676,1.6861,"12,430,387",35
9/26/2015,9/30/2015,29-Aug,1.8226,1.7353,"9,304,509",34.88
9/19/2015,9/23/2015,22-Aug,1.8362,1.7471,"9,738,968",34.84
9/19/2015,9/23/2015,29-Aug,1.8226,1.7355,"9,302,421",34.89
9/19/2015,9/23/2015,5-Sep,1.7676,1.6864,"12,430,387",35.02
9/19/2015,9/23/2015,12-Sep,1.7718,1.6879,"11,884,187",34.92
9/19/2015,9/23/2015,19-Sep,1.7718,1.6886,"9,407,352",34.94
9/12/2015,9/16/2015,12-Sep,1.7718,1.6879,"11,884,187",34.92
9/12/2015,9/16/2015,5-Sep,1.7677,1.6865,"12,430,387",35.02
9/12/2015,9/16/2015,29-Aug,1.8226,1.7355,"9,302,421",34.89
9/12/2015,9/16/2015,22-Aug,1.8362,1.7471,"9,738,968",34.84
9/12/2015,9/16/2015,15-Aug,1.8305,1.7375,"10,554,449",34.68
9/5/2015,9/10/2015,8-Aug,1.7954,1.7113,"10,123,940",34.95
9/5/2015,9/10/2015,15-Aug,1.8305,1.7375,"10,554,449",34.68
9/5/2015,9/10/2015,22-Aug,1.8362,1.7471,"9,738,968",34.84
9/5/2015,9/10/2015,29-Aug,1.8226,1.7355,"9,302,421",34.89
9/5/2015,9/10/2015,5-Sep,1.7676,1.6864,"12,430,387",35.02
8/29/2015,9/2/2015,29-Aug,1.8226,1.7355,"9,302,421",34.89
8/29/2015,9/2/2015,22-Aug,1.8362,1.7471,"9,738,968",34.84
8/29/2015,9/2/2015,15-Aug,1.8305,1.7375,"10,554,449",34.68
8/29/2015,9/2/2015,8-Aug,1.7954,1.7113,"10,123,940",34.95
8/29/2015,9/2/2015,1-Aug,1.7678,1.6874,"10,365,661",35.05
8/22/2015,8/26/2015,25-Jul,1.7361,1.6648,"10,609,190",35.34
8/22/2015,8/26/2015,1-Aug,1.7666,1.6865,"10,472,993",35.06
8/22/2015,8/26/2015,8-Aug,1.7954,1.7113,"10,123,940",34.95
8/22/2015,8/26/2015,15-Aug,1.8305,1.7375,"10,554,449",34.68
8/22/2015,8/26/2015,22-Aug,1.8362,1.7471,"9,738,968",34.84
8/15/2015,8/19/2015,15-Aug,1.8305,1.7375,"10,566,596",34.68
8/15/2015,8/19/2015,8-Aug,1.7954,1.7113,"10,123,940",34.95
8/15/2015,8/19/2015,1-Aug,1.7666,1.6865,"10,472,993",35.06
8/15/2015,8/19/2015,25-Jul,1.7361,1.6648,"10,609,190",35.34
8/15/2015,8/19/2015,18-Jul,1.7335,1.6563,"10,796,066",35.11
8/8/2015,8/12/2015,11-Jul,1.757,1.6709,"11,984,096",34.8
8/8/2015,8/12/2015,18-Jul,1.7335,1.6563,"10,796,066",35.11
8/8/2015,8/12/2015,25-Jul,1.7361,1.6648,"10,609,190",35.34
8/8/2015,8/12/2015,1-Aug,1.7666,1.6865,"10,472,993",35.06
8/8/2015,8/12/2015,8-Aug,1.7954,1.7112,"10,002,242",34.95
8/1/2015,8/5/2015,1-Aug,1.7666,1.6865,"10,472,993",35.06
8/1/2015,8/5/2015,25-Jul,1.7361,1.6648,"10,612,737",35.34
8/1/2015,8/5/2015,18-Jul,1.7335,1.6563,"10,796,066",35.11
8/1/2015,8/5/2015,11-Jul,1.757,1.6709,"11,984,096",34.8
8/1/2015,8/5/2015,4-Jul,1.7899,1.7058,"9,902,737",34.94
7/25/2015,7/29/2015,27-Jun,1.8143,1.7285,"10,382,580",34.92
7/25/2015,7/29/2015,4-Jul,1.7899,1.7058,"9,902,737",34.94
7/25/2015,7/29/2015,11-Jul,1.757,1.6709,"11,984,096",34.8
7/25/2015,7/29/2015,18-Jul,1.7325,1.6558,"10,836,636",35.13
7/25/2015,7/29/2015,25-Jul,1.7361,1.6648,"10,612,737",35.34
7/18/2015,7/22/2015,18-Jul,1.7326,1.6559,"10,836,636",35.13
7/18/2015,7/22/2015,11-Jul,1.7578,1.6716,"11,984,096",34.8
7/18/2015,7/22/2015,4-Jul,1.7899,1.7058,"9,902,737",34.94
7/18/2015,7/22/2015,27-Jun,1.8143,1.7285,"10,382,580",34.92
7/18/2015,7/22/2015,20-Jun,1.8133,1.7284,"9,268,038",34.96
7/11/2015,7/15/2015,13-Jun,1.7829,1.7047,"10,917,666",35.15
7/11/2015,7/15/2015,20-Jun,1.8133,1.7284,"9,268,038",34.96
7/11/2015,7/15/2015,27-Jun,1.8143,1.7285,"10,382,580",34.92
7/11/2015,7/15/2015,4-Jul,1.7899,1.7058,"9,902,737",34.94
7/11/2015,7/15/2015,11-Jul,1.7578,1.6716,"11,984,096",34.8
7/4/2015,7/8/2015,4-Jul,1.7899,1.7058,"9,902,737",34.94
7/4/2015,7/8/2015,27-Jun,1.8143,1.7285,"10,382,580",34.92
7/4/2015,7/8/2015,20-Jun,1.8133,1.7284,"9,268,038",34.96
7/4/2015,7/8/2015,13-Jun,1.7829,1.7047,"10,917,666",35.15
7/4/2015,7/8/2015,6-Jun,1.7509,1.6716,"9,603,219",35.06
6/27/2015,7/1/2015,30-May,1.7431,1.6662,"10,746,337",35.14
6/27/2015,7/1/2015,6-Jun,1.7509,1.6716,"9,603,219",35.06
6/27/2015,7/1/2015,13-Jun,1.7829,1.7047,"10,917,666",35.15
6/27/2015,7/1/2015,20-Jun,1.8133,1.7284,"9,268,038",34.96
6/27/2015,7/1/2015,27-Jun,1.8143,1.7285,"10,382,580",34.92
6/20/2015,6/24/2015,20-Jun,1.8133,1.7284,"9,268,038",34.96
6/20/2015,6/24/2015,13-Jun,1.7829,1.7047,"10,917,666",35.15
6/20/2015,6/24/2015,6-Jun,1.7509,1.6716,"9,603,219",35.06
6/20/2015,6/24/2015,30-May,1.7431,1.6662,"10,746,337",35.14
6/20/2015,6/24/2015,23-May,1.7436,1.6713,"9,023,123",35.32
6/13/2015,6/17/2015,16-May,1.7456,1.667,"9,847,401",35.08
6/13/2015,6/17/2015,23-May,1.7436,1.6713,"9,023,123",35.32
6/13/2015,6/17/2015,30-May,1.7431,1.6662,"10,746,337",35.14
6/13/2015,6/17/2015,6-Jun,1.7509,1.6716,"9,602,714",35.06
6/13/2015,6/17/2015,13-Jun,1.7821,1.704,"10,750,688",35.16
6/6/2015,6/10/2015,6-Jun,1.7509,1.6716,"9,602,714",35.06
6/6/2015,6/10/2015,30-May,1.7431,1.6662,"10,746,337",35.14
6/6/2015,6/10/2015,23-May,1.7436,1.6713,"9,023,123",35.32
6/6/2015,6/10/2015,16-May,1.7456,1.667,"9,847,401",35.08
6/6/2015,6/10/2015,9-May,1.7431,1.6655,"9,735,104",35.11
5/30/2015,6/3/2015,2-May,1.7427,1.666,"9,894,341",35.15
5/30/2015,6/3/2015,9-May,1.7431,1.6655,"9,735,104",35.11
5/30/2015,6/3/2015,16-May,1.7456,1.667,"9,847,401",35.08
5/30/2015,6/3/2015,23-May,1.7436,1.6713,"9,023,123",35.32
5/30/2015,6/3/2015,30-May,1.7431,1.6662,"10,746,337",35.14
5/23/2015,5/28/2015,23-May,1.7436,1.6713,"9,023,123",35.32
5/23/2015,5/28/2015,16-May,1.7456,1.667,"9,847,401",35.08
5/23/2015,5/28/2015,9-May,1.7431,1.6655,"9,735,104",35.11
5/23/2015,5/28/2015,2-May,1.7427,1.666,"9,894,341",35.15
5/23/2015,5/28/2015,25-Apr,1.7366,1.6575,"9,941,803",35.04
5/16/2015,5/20/2015,18-Apr,1.7223,1.6396,"10,250,823",34.87
5/16/2015,5/20/2015,25-Apr,1.7366,1.6575,"9,941,803",35.04
5/16/2015,5/20/2015,2-May,1.7427,1.666,"9,894,341",35.15
5/16/2015,5/20/2015,9-May,1.7431,1.6655,"9,735,104",35.11
5/16/2015,5/20/2015,16-May,1.7454,1.6669,"9,736,593",35.08
5/9/2015,5/13/2015,9-May,1.7431,1.6655,"9,730,502",35.11
5/9/2015,5/13/2015,2-May,1.7427,1.666,"9,894,341",35.15
5/9/2015,5/13/2015,25-Apr,1.7366,1.6575,"9,941,803",35.04
5/9/2015,5/13/2015,18-Apr,1.7223,1.6396,"10,250,823",34.87
5/9/2015,5/13/2015,11-Apr,1.6856,1.6132,"10,137,426",35.22
5/2/2015,5/6/2015,4-Apr,1.6407,1.5729,"9,550,948",35.33
5/2/2015,5/6/2015,11-Apr,1.6856,1.6132,"10,137,426",35.22
5/2/2015,5/6/2015,18-Apr,1.7223,1.6396,"10,250,823",34.87
5/2/2015,5/6/2015,25-Apr,1.7366,1.6575,"9,941,803",35.04
5/2/2015,5/6/2015,2-May,1.7421,1.6655,"9,853,589",35.15
4/25/2015,4/29/2015,25-Apr,1.7366,1.6575,"9,941,803",35.04
4/25/2015,4/29/2015,18-Apr,1.7223,1.6396,"10,250,823",34.87
4/25/2015,4/29/2015,11-Apr,1.6856,1.6132,"10,137,426",35.22
4/25/2015,4/29/2015,4-Apr,1.6407,1.5729,"9,550,948",35.33
4/25/2015,4/29/2015,28-Mar,1.6597,1.5823,"9,711,077",34.97
4/18/2015,4/22/2015,21-Mar,1.6408,1.5625,"11,098,151",34.89
4/18/2015,4/22/2015,28-Mar,1.6597,1.5823,"9,711,077",34.97
4/18/2015,4/22/2015,4-Apr,1.6407,1.5729,"9,550,948",35.33
4/18/2015,4/22/2015,11-Apr,1.6855,1.6131,"10,095,742",35.22
4/18/2015,4/22/2015,18-Apr,1.7223,1.6396,"10,250,823",34.87
4/11/2015,4/15/2015,11-Apr,1.6855,1.6131,"10,095,742",35.22
4/11/2015,4/15/2015,4-Apr,1.6407,1.5729,"9,550,948",35.33
4/11/2015,4/15/2015,28-Mar,1.6597,1.5823,"9,711,077",34.97
4/11/2015,4/15/2015,21-Mar,1.6408,1.5625,"11,098,151",34.89
4/11/2015,4/15/2015,14-Mar,1.6104,1.5345,"9,530,547",34.93
4/4/2015,4/8/2015,7-Mar,1.6052,1.5296,"10,397,994",34.93
4/4/2015,4/8/2015,14-Mar,1.6104,1.5345,"9,530,547",34.93
4/4/2015,4/8/2015,21-Mar,1.6408,1.5625,"11,098,151",34.89
4/4/2015,4/8/2015,28-Mar,1.6597,1.5823,"9,711,077",34.97
4/4/2015,4/8/2015,4-Apr,1.6407,1.5729,"9,557,021",35.33
3/28/2015,4/1/2015,28-Mar,1.659,1.5819,"9,420,860",34.98
3/28/2015,4/1/2015,21-Mar,1.6409,1.5625,"11,056,298",34.89
3/28/2015,4/1/2015,14-Mar,1.6104,1.5345,"9,572,400",34.93
3/28/2015,4/1/2015,7-Mar,1.6052,1.5296,"10,397,994",34.93
3/28/2015,4/1/2015,28-Feb,1.6016,1.5257,"9,890,187",34.92
3/21/2015,3/25/2015,21-Feb,1.6024,1.5282,"10,377,959",34.99
3/21/2015,3/25/2015,28-Feb,1.6016,1.5257,"9,890,187",34.92
3/21/2015,3/25/2015,7-Mar,1.6052,1.5296,"10,397,994",34.93
3/21/2015,3/25/2015,14-Mar,1.6104,1.5345,"9,572,400",34.93
3/21/2015,3/25/2015,21-Mar,1.6409,1.5625,"11,056,298",34.89
3/14/2015,3/18/2015,14-Mar,1.6103,1.5345,"9,530,808",34.94
3/14/2015,3/18/2015,7-Mar,1.6052,1.5296,"10,397,994",34.93
3/14/2015,3/18/2015,28-Feb,1.6016,1.5257,"9,890,187",34.92
3/14/2015,3/18/2015,21-Feb,1.6024,1.5282,"10,377,959",34.99
3/14/2015,3/18/2015,14-Feb,1.6047,1.5251,"9,930,522",34.76
3/7/2015,3/11/2015,7-Feb,1.595,1.5179,"10,173,876",34.85
3/7/2015,3/11/2015,14-Feb,1.6047,1.5251,"9,930,522",34.76
3/7/2015,3/11/2015,21-Feb,1.6024,1.5282,"10,377,959",34.99
3/7/2015,3/11/2015,28-Feb,1.6016,1.5257,"9,890,187",34.92
3/7/2015,3/11/2015,7-Mar,1.6052,1.5296,"10,397,994",34.93
2/28/2015,3/4/2015,28-Feb,1.6016,1.5257,"9,890,187",34.92
2/28/2015,3/4/2015,21-Feb,1.6024,1.5282,"10,377,959",34.99
2/28/2015,3/4/2015,14-Feb,1.6047,1.5251,"9,930,522",34.76
2/28/2015,3/4/2015,7-Feb,1.595,1.5179,"10,173,876",34.85
2/28/2015,3/4/2015,31-Jan,1.5861,1.5122,"10,492,928",34.97
2/21/2015,2/25/2015,24-Jan,1.6351,1.5579,"9,927,461",34.93
2/21/2015,2/25/2015,31-Jan,1.5861,1.5122,"10,492,928",34.97
2/21/2015,2/25/2015,7-Feb,1.595,1.5179,"10,173,876",34.85
2/21/2015,2/25/2015,14-Feb,1.6047,1.5251,"9,930,522",34.76
2/21/2015,2/25/2015,21-Feb,1.6024,1.5282,"10,377,959",34.99
2/14/2015,2/19/2015,14-Feb,1.6047,1.5251,"9,930,522",34.76
2/14/2015,2/19/2015,7-Feb,1.595,1.5179,"10,173,876",34.85
2/14/2015,2/19/2015,31-Jan,1.5861,1.5122,"10,492,928",34.97
2/14/2015,2/19/2015,24-Jan,1.6351,1.5579,"9,927,461",34.93
2/14/2015,2/19/2015,17-Jan,1.6417,1.5661,"9,843,246",35.01
2/7/2015,2/11/2015,10-Jan,1.6091,1.5322,"10,718,107",34.89
2/7/2015,2/11/2015,17-Jan,1.6417,1.5661,"9,843,246",35.01
2/7/2015,2/11/2015,24-Jan,1.6351,1.5579,"9,927,461",34.93
2/7/2015,2/11/2015,31-Jan,1.5861,1.5122,"10,492,928",34.97
2/7/2015,2/11/2015,7-Feb,1.595,1.5179,"10,173,876",34.85
1/31/2015,2/4/2015,31-Jan,1.5861,1.5122,"10,492,928",34.97
1/31/2015,2/4/2015,24-Jan,1.6351,1.5579,"9,927,461",34.93
1/31/2015,2/4/2015,17-Jan,1.6417,1.5661,"9,843,246",35.01
1/31/2015,2/4/2015,10-Jan,1.6091,1.5322,"10,718,107",34.89
1/31/2015,2/4/2015,3-Jan,1.6474,1.5672,"9,122,463",34.83
1/24/2015,1/28/2015,27-Dec,1.6648,1.5894,"8,306,632",35.06
1/24/2015,1/28/2015,3-Jan,1.6474,1.5672,"9,122,463",34.83
1/24/2015,1/28/2015,10-Jan,1.6091,1.5322,"10,718,107",34.89
1/24/2015,1/28/2015,17-Jan,1.6417,1.5661,"9,843,246",35.01
1/24/2015,1/28/2015,24-Jan,1.6374,1.5594,"9,549,322",34.9
1/17/2015,1/22/2015,17-Jan,1.6417,1.5661,"9,843,246",35.01
1/17/2015,1/22/2015,10-Jan,1.6091,1.5322,"10,718,107",34.89
1/17/2015,1/22/2015,3-Jan,1.6474,1.5672,"9,122,463",34.83
1/17/2015,1/22/2015,27-Dec,1.6648,1.5894,"8,306,632",35.06
1/17/2015,1/22/2015,20-Dec,1.668,1.59,"9,999,121",34.96
1/10/2015,1/14/2015,13-Dec,1.7866,1.7038,"10,442,002",34.99
1/10/2015,1/14/2015,20-Dec,1.668,1.59,"9,999,121",34.96
1/10/2015,1/14/2015,27-Dec,1.6648,1.5894,"8,306,632",35.06
1/10/2015,1/14/2015,3-Jan,1.6474,1.5672,"9,122,463",34.83
1/10/2015,1/14/2015,10-Jan,1.6091,1.5322,"10,718,107",34.89
1/3/2015,1/7/2015,3-Jan,1.6474,1.5672,"9,122,463",34.83
1/3/2015,1/7/2015,27-Dec,1.6648,1.5894,"8,306,632",35.06
1/3/2015,1/7/2015,20-Dec,1.668,1.59,"9,999,121",34.96
1/3/2015,1/7/2015,13-Dec,1.7866,1.7038,"10,442,002",34.99
1/3/2015,1/7/2015,6-Dec,1.9197,1.8297,"9,961,261",34.95
12/27/2014,12/31/2014,29-Nov,2.0601,1.9682,"8,641,700",35.1
12/27/2014,12/31/2014,6-Dec,1.9197,1.8297,"9,961,261",34.95
12/27/2014,12/31/2014,13-Dec,1.7866,1.7038,"10,442,002",34.99
12/27/2014,12/31/2014,20-Dec,1.668,1.59,"9,999,121",34.96
12/27/2014,12/31/2014,27-Dec,1.6648,1.5894,"8,306,632",35.06
12/20/2014,12/24/2014,20-Dec,1.668,1.59,"9,999,121",34.96
12/20/2014,12/24/2014,13-Dec,1.7866,1.7038,"10,442,002",34.99
12/20/2014,12/24/2014,6-Dec,1.9197,1.8297,"9,961,261",34.95
12/20/2014,12/24/2014,29-Nov,2.0601,1.9682,"8,641,700",35.1
12/20/2014,12/24/2014,22-Nov,2.1915,2.0934,"10,376,595",35.1
12/13/2014,12/17/2014,15-Nov,2.2496,2.1503,"7,235,356",35.14
12/13/2014,12/17/2014,22-Nov,2.1913,2.0932,"10,385,733",35.09
12/13/2014,12/17/2014,29-Nov,2.0601,1.9682,"8,641,700",35.1
12/13/2014,12/17/2014,6-Dec,1.9197,1.8297,"9,961,261",34.95
12/13/2014,12/17/2014,13-Dec,1.7864,1.703,"10,292,666",34.97
12/6/2014,12/10/2014,6-Dec,1.9197,1.8297,"9,961,261",34.95
12/6/2014,12/10/2014,29-Nov,2.0601,1.9682,"8,641,700",35.1
12/6/2014,12/10/2014,22-Nov,2.1913,2.0932,"10,385,733",35.09
12/6/2014,12/10/2014,15-Nov,2.2496,2.1503,"7,235,356",35.14
12/6/2014,12/10/2014,8-Nov,2.1946,2.0912,"9,587,393",34.93
11/29/2014,12/3/2014,1-Nov,2.2334,2.1271,"8,972,580",34.9
11/29/2014,12/3/2014,8-Nov,2.1946,2.0912,"9,587,393",34.93
11/29/2014,12/3/2014,15-Nov,2.2496,2.1503,"7,235,356",35.14
11/29/2014,12/3/2014,22-Nov,2.1913,2.0932,"10,385,733",35.09
11/29/2014,12/3/2014,29-Nov,2.0603,1.9683,"8,631,812",35.1
11/22/2014,11/26/2014,22-Nov,2.191,2.0928,"10,344,088",35.09
11/22/2014,11/26/2014,15-Nov,2.2496,2.1503,"7,235,356",35.14
11/22/2014,11/26/2014,8-Nov,2.1946,2.0912,"9,587,393",34.93
11/22/2014,11/26/2014,1-Nov,2.2334,2.1271,"8,972,580",34.9
11/22/2014,11/26/2014,25-Oct,2.2754,2.1701,"9,883,909",34.99
11/15/2014,11/19/2014,18-Oct,2.3171,2.2149,"9,378,425",35.14
11/15/2014,11/19/2014,25-Oct,2.2754,2.1701,"9,883,909",34.99
11/15/2014,11/19/2014,1-Nov,2.2334,2.1271,"8,972,580",34.9
11/15/2014,11/19/2014,8-Nov,2.1946,2.0912,"9,587,393",34.93
11/15/2014,11/19/2014,15-Nov,2.2496,2.1503,"7,235,356",35.14
11/8/2014,11/13/2014,8-Nov,2.1946,2.0912,"9,587,393",34.93
11/8/2014,11/13/2014,1-Nov,2.2334,2.1271,"8,972,580",34.9
11/8/2014,11/13/2014,25-Oct,2.2754,2.1701,"9,883,909",34.99
11/8/2014,11/13/2014,18-Oct,2.3171,2.2149,"9,378,425",35.14
11/8/2014,11/13/2014,11-Oct,2.4402,2.3301,"8,367,413",35.07
11/1/2014,11/5/2014,4-Oct,2.5982,2.4756,"9,586,457",34.93
11/1/2014,11/5/2014,11-Oct,2.4402,2.3301,"8,367,413",35.07
11/1/2014,11/5/2014,18-Oct,2.3171,2.2149,"9,378,425",35.14
11/1/2014,11/5/2014,25-Oct,2.2754,2.1701,"9,883,909",34.99
11/1/2014,11/5/2014,1-Nov,2.2334,2.1271,"8,972,580",34.9
10/25/2014,10/29/2014,25-Oct,2.2754,2.1701,"9,883,909",34.99
10/25/2014,10/29/2014,18-Oct,2.3171,2.2149,"9,378,425",35.14
10/25/2014,10/29/2014,11-Oct,2.4402,2.33,"8,367,413",35.07
10/25/2014,10/29/2014,4-Oct,2.5981,2.4762,"9,634,610",34.95
10/25/2014,10/29/2014,27-Sep,2.5416,2.4271,"9,391,024",35.07
10/18/2014,10/22/2014,20-Sep,2.4962,2.3769,"9,613,316",34.89
10/18/2014,10/22/2014,27-Sep,2.5416,2.4271,"9,391,024",35.07
10/18/2014,10/22/2014,4-Oct,2.5981,2.4762,"9,634,610",34.95
10/18/2014,10/22/2014,11-Oct,2.4402,2.33,"8,367,413",35.07
10/18/2014,10/22/2014,18-Oct,2.3171,2.2149,"9,378,425",35.14
10/11/2014,10/16/2014,11-Oct,2.4402,2.33,"8,367,413",35.07
10/11/2014,10/16/2014,4-Oct,2.5981,2.4762,"9,634,610",34.95
10/11/2014,10/16/2014,27-Sep,2.5416,2.4271,"9,391,024",35.07
10/11/2014,10/16/2014,20-Sep,2.4962,2.3769,"9,613,316",34.89
10/11/2014,10/16/2014,13-Sep,2.4661,2.3489,"9,747,840",34.91
10/4/2014,10/8/2014,6-Sep,2.4284,2.3127,"10,134,094",34.9
10/4/2014,10/8/2014,13-Sep,2.4661,2.3489,"9,747,840",34.91
10/4/2014,10/8/2014,20-Sep,2.4962,2.3769,"9,613,316",34.89
10/4/2014,10/8/2014,27-Sep,2.5416,2.4271,"9,391,024",35.07
10/4/2014,10/8/2014,4-Oct,2.5984,2.4764,"9,634,610",34.95
9/27/2014,10/1/2014,27-Sep,2.5416,2.4277,"8,123,228",35.09
9/27/2014,10/1/2014,20-Sep,2.4963,2.377,"9,613,316",34.89
9/27/2014,10/1/2014,13-Sep,2.4666,2.3494,"9,727,188",34.91
9/27/2014,10/1/2014,6-Sep,2.4284,2.3127,"10,134,094",34.9
9/27/2014,10/1/2014,30-Aug,2.3535,2.2411,"10,150,215",34.89
9/20/2014,9/24/2014,23-Aug,2.2923,2.182,"10,547,872",34.86
9/20/2014,9/24/2014,30-Aug,2.3535,2.2411,"10,150,215",34.89
9/20/2014,9/24/2014,6-Sep,2.4284,2.3127,"10,134,094",34.9
9/20/2014,9/24/2014,13-Sep,2.4666,2.3494,"9,727,188",34.91
9/20/2014,9/24/2014,20-Sep,2.4963,2.377,"9,613,316",34.89
9/13/2014,9/17/2014,13-Sep,2.4666,2.3465,"9,727,188",34.83
9/13/2014,9/17/2014,6-Sep,2.4283,2.3128,"10,144,882",34.9
9/13/2014,9/17/2014,30-Aug,2.3534,2.241,"10,157,777",34.89
9/13/2014,9/17/2014,23-Aug,2.2923,2.1823,"10,547,872",34.88
9/13/2014,9/17/2014,16-Aug,2.2251,2.1175,"10,500,551",34.85
9/6/2014,9/10/2014,9-Aug,2.1481,2.0443,"10,043,006",34.85
9/6/2014,9/10/2014,16-Aug,2.2251,2.1175,"10,500,551",34.85
9/6/2014,9/10/2014,23-Aug,2.2929,2.1823,"10,100,018",34.86
9/6/2014,9/10/2014,30-Aug,2.3534,2.241,"10,157,777",34.89
9/6/2014,9/10/2014,6-Sep,2.4244,2.3095,"10,020,819",34.91
8/30/2014,9/4/2014,30-Aug,2.3525,2.2403,"9,990,166",34.9
8/30/2014,9/4/2014,23-Aug,2.293,2.1824,"10,100,018",34.86
8/30/2014,9/4/2014,16-Aug,2.2251,2.1175,"10,500,551",34.85
8/30/2014,9/4/2014,9-Aug,2.1481,2.0443,"10,043,006",34.85
8/30/2014,9/4/2014,2-Aug,2.1749,2.072,"9,453,812",34.92
8/23/2014,8/27/2014,26-Jul,2.1592,2.0606,"11,025,828",35.03
8/23/2014,8/27/2014,2-Aug,2.1756,2.0726,"9,453,812",34.92
8/23/2014,8/27/2014,9-Aug,2.1481,2.0443,"10,043,006",34.85
8/23/2014,8/27/2014,16-Aug,2.2251,2.1175,"10,500,551",34.85
8/23/2014,8/27/2014,23-Aug,2.293,2.1824,"10,100,018",34.86
8/16/2014,8/20/2014,16-Aug,2.2251,2.1175,"10,500,551",34.85
8/16/2014,8/20/2014,9-Aug,2.1481,2.0443,"10,043,006",34.85
8/16/2014,8/20/2014,2-Aug,2.1756,2.0726,"9,453,812",34.92
8/16/2014,8/20/2014,26-Jul,2.1592,2.0606,"11,025,828",35.03
8/16/2014,8/20/2014,19-Jul,2.1243,2.0355,"10,274,911",35.3
8/9/2014,8/13/2014,12-Jul,2.1504,2.0502,"10,609,167",34.97
8/9/2014,8/13/2014,19-Jul,2.1243,2.0355,"10,274,911",35.3
8/9/2014,8/13/2014,26-Jul,2.1592,2.0606,"11,025,828",35.03
8/9/2014,8/13/2014,2-Aug,2.1756,2.0726,"9,453,812",34.92
8/9/2014,8/13/2014,9-Aug,2.1481,2.0443,"10,043,006",34.85
8/2/2014,8/6/2014,2-Aug,2.1756,2.0726,"9,451,766",34.92
8/2/2014,8/6/2014,26-Jul,2.1592,2.0606,"11,025,828",35.03
8/2/2014,8/6/2014,19-Jul,2.1243,2.0355,"10,274,911",35.3
8/2/2014,8/6/2014,12-Jul,2.1504,2.0502,"10,609,167",34.97
8/2/2014,8/6/2014,5-Jul,2.1413,2.0479,"8,683,292",35.17
7/26/2014,7/30/2014,28-Jun,2.103,2.0165,"9,765,195",35.34
7/26/2014,7/30/2014,5-Jul,2.1413,2.0479,"8,683,292",35.17
7/26/2014,7/30/2014,12-Jul,2.1504,2.0502,"10,609,167",34.97
7/26/2014,7/30/2014,19-Jul,2.1243,2.0355,"10,274,911",35.3
7/26/2014,7/30/2014,26-Jul,2.1592,2.0606,"11,025,828",35.03
7/19/2014,7/23/2014,19-Jul,2.1243,2.0355,"10,274,911",35.3
7/19/2014,7/23/2014,12-Jul,2.1504,2.0502,"10,609,167",34.97
7/19/2014,7/23/2014,5-Jul,2.1413,2.0479,"8,683,292",35.17
7/19/2014,7/23/2014,28-Jun,2.103,2.0165,"9,765,195",35.34
7/19/2014,7/23/2014,21-Jun,2.099,2.0131,"10,566,722",35.35
7/12/2014,7/16/2014,14-Jun,2.108,2.0176,"10,462,140",35.22
7/12/2014,7/16/2014,21-Jun,2.099,2.0131,"10,566,722",35.35
7/12/2014,7/16/2014,28-Jun,2.103,2.0165,"9,765,195",35.34
7/12/2014,7/16/2014,5-Jul,2.1413,2.0479,"8,683,292",35.17
7/12/2014,7/16/2014,12-Jul,2.1504,2.0502,"10,609,167",34.97
7/5/2014,7/9/2014,5-Jul,2.1413,2.0479,"8,683,292",35.17
7/5/2014,7/9/2014,28-Jun,2.103,2.0165,"9,765,195",35.34
7/5/2014,7/9/2014,21-Jun,2.099,2.0131,"10,566,722",35.35
7/5/2014,7/9/2014,14-Jun,2.108,2.0176,"10,462,140",35.22
7/5/2014,7/9/2014,7-Jun,2.1114,2.0206,"11,091,968",35.21
6/28/2014,7/2/2014,31-May,2.1477,2.0563,"9,999,196",35.24
6/28/2014,7/2/2014,7-Jun,2.1114,2.0206,"11,091,968",35.21
6/28/2014,7/2/2014,14-Jun,2.108,2.0176,"10,462,140",35.22
6/28/2014,7/2/2014,21-Jun,2.099,2.0131,"10,566,722",35.35
6/28/2014,7/2/2014,28-Jun,2.103,2.0165,"9,765,195",35.34
6/21/2014,6/25/2014,21-Jun,2.099,2.0131,"10,566,722",35.35
6/21/2014,6/25/2014,14-Jun,2.108,2.0176,"10,462,140",35.22
6/21/2014,6/25/2014,7-Jun,2.1114,2.0206,"11,091,968",35.21
6/21/2014,6/25/2014,31-May,2.1477,2.0563,"9,999,196",35.24
6/21/2014,6/25/2014,24-May,2.1978,2.0959,"8,604,343",34.99
6/14/2014,6/18/2014,17-May,2.273,2.1651,"10,115,480",34.91
6/14/2014,6/18/2014,24-May,2.1978,2.0959,"8,604,343",34.99
6/14/2014,6/18/2014,31-May,2.1477,2.0563,"9,999,196",35.24
6/14/2014,6/18/2014,7-Jun,2.1114,2.0206,"11,091,968",35.21
6/14/2014,6/18/2014,14-Jun,2.108,2.0176,"10,462,140",35.22
6/7/2014,6/11/2014,7-Jun,2.1115,2.0207,"11,091,968",35.21
6/7/2014,6/11/2014,31-May,2.1477,2.0563,"9,999,196",35.24
6/7/2014,6/11/2014,24-May,2.1978,2.0959,"8,604,343",34.99
6/7/2014,6/11/2014,17-May,2.273,2.1651,"10,115,480",34.91
6/7/2014,6/11/2014,10-May,2.3326,2.2299,"9,178,463",35.14
5/31/2014,6/4/2014,3-May,2.3551,2.2553,"10,329,392",35.26
5/31/2014,6/4/2014,10-May,2.3326,2.2299,"9,178,463",35.14
5/31/2014,6/4/2014,17-May,2.273,2.1651,"10,115,480",34.91
5/31/2014,6/4/2014,24-May,2.1978,2.0959,"8,604,343",34.99
5/31/2014,6/4/2014,31-May,2.1477,2.0563,"9,999,196",35.24
5/24/2014,5/29/2014,24-May,2.1978,2.0959,"8,604,343",34.99
5/24/2014,5/29/2014,17-May,2.273,2.1651,"10,115,480",34.91
5/24/2014,5/29/2014,10-May,2.3326,2.2299,"9,178,463",35.14
5/24/2014,5/29/2014,3-May,2.3554,2.2556,"10,329,392",35.26
5/24/2014,5/29/2014,26-Apr,2.3543,2.2495,"9,518,682",35.11
5/17/2014,5/21/2014,19-Apr,2.3901,2.2817,"8,884,327",35.06
5/17/2014,5/21/2014,26-Apr,2.3543,2.2495,"9,518,682",35.11
5/17/2014,5/21/2014,3-May,2.3554,2.2556,"10,329,392",35.26
5/17/2014,5/21/2014,10-May,2.3326,2.2299,"9,178,463",35.14
5/17/2014,5/21/2014,17-May,2.273,2.1651,"10,115,480",34.91
5/10/2014,5/14/2014,10-May,2.3326,2.2299,"9,178,463",35.14
5/10/2014,5/14/2014,3-May,2.3554,2.2556,"10,329,392",35.26
5/10/2014,5/14/2014,26-Apr,2.3543,2.2495,"9,518,682",35.11
5/10/2014,5/14/2014,19-Apr,2.3901,2.2817,"8,884,327",35.06
5/10/2014,5/14/2014,12-Apr,2.4465,2.344,"9,469,157",35.29
5/3/2014,5/7/2014,5-Apr,2.472,2.3587,"9,873,253",35.02
5/3/2014,5/7/2014,12-Apr,2.4465,2.344,"9,469,157",35.29
5/3/2014,5/7/2014,19-Apr,2.3901,2.2817,"8,884,327",35.06
5/3/2014,5/7/2014,26-Apr,2.3543,2.2495,"9,518,682",35.11
5/3/2014,5/7/2014,3-May,2.3555,2.2556,"10,323,173",35.25
4/26/2014,4/30/2014,26-Apr,2.3543,2.2495,"9,518,682",35.11
4/26/2014,4/30/2014,19-Apr,2.3901,2.2817,"8,884,327",35.06
4/26/2014,4/30/2014,12-Apr,2.4465,2.344,"9,469,157",35.29
4/26/2014,4/30/2014,5-Apr,2.472,2.3587,"9,873,253",35.02
4/26/2014,4/30/2014,29-Mar,2.426,2.3216,"9,275,047",35.21
4/19/2014,4/23/2014,22-Mar,2.3816,2.2807,"8,710,000",35.26
4/19/2014,4/23/2014,29-Mar,2.426,2.3216,"9,275,047",35.21
4/19/2014,4/23/2014,5-Apr,2.472,2.3587,"9,873,253",35.02
4/19/2014,4/23/2014,12-Apr,2.4465,2.344,"9,469,157",35.29
4/19/2014,4/23/2014,19-Apr,2.3901,2.2817,"8,884,327",35.06
4/12/2014,4/16/2014,12-Apr,2.4465,2.344,"9,469,157",35.29
4/12/2014,4/16/2014,5-Apr,2.4721,2.3588,"9,873,253",35.02
4/12/2014,4/16/2014,29-Mar,2.426,2.3216,"9,275,047",35.21
4/12/2014,4/16/2014,22-Mar,2.3816,2.2807,"8,710,000",35.26
4/12/2014,4/16/2014,15-Mar,2.3378,2.2344,"9,334,976",35.13
4/5/2014,4/9/2014,8-Mar,2.3135,2.2137,"8,630,241",35.2
4/5/2014,4/9/2014,15-Mar,2.3378,2.2344,"9,334,976",35.13
4/5/2014,4/9/2014,22-Mar,2.3816,2.2807,"8,710,000",35.26
4/5/2014,4/9/2014,29-Mar,2.426,2.3216,"9,275,047",35.21
4/5/2014,4/9/2014,5-Apr,2.4714,2.3583,"9,791,947",35.03
3/29/2014,4/2/2014,29-Mar,2.426,2.3216,"9,275,047",35.21
3/29/2014,4/2/2014,22-Mar,2.3815,2.2806,"8,710,000",35.26
3/29/2014,4/2/2014,15-Mar,2.3378,2.2344,"9,334,976",35.13
3/29/2014,4/2/2014,8-Mar,2.3135,2.2137,"8,630,241",35.2
3/29/2014,4/2/2014,1-Mar,2.3106,2.2069,"8,864,719",35.09
3/22/2014,3/26/2014,22-Feb,2.3547,2.2506,"9,712,372",35.13
3/22/2014,3/26/2014,1-Mar,2.3106,2.2069,"8,864,719",35.09
3/22/2014,3/26/2014,8-Mar,2.3147,2.2148,"8,630,241",35.2
3/22/2014,3/26/2014,15-Mar,2.3378,2.2344,"9,334,976",35.13
3/22/2014,3/26/2014,22-Mar,2.3815,2.2806,"8,710,000",35.26
3/15/2014,3/19/2014,15-Mar,2.3378,2.2344,"9,334,976",35.13
3/15/2014,3/19/2014,8-Mar,2.3147,2.2148,"8,630,241",35.2
3/15/2014,3/19/2014,1-Mar,2.3106,2.2069,"8,864,719",35.09
3/15/2014,3/19/2014,22-Feb,2.3547,2.2506,"9,712,372",35.13
3/15/2014,3/19/2014,15-Feb,2.4295,2.3244,"9,721,245",35.2
3/8/2014,3/12/2014,8-Feb,2.4128,2.3016,"10,350,172",35.01
3/8/2014,3/12/2014,15-Feb,2.4295,2.3244,"9,721,245",35.2
3/8/2014,3/12/2014,22-Feb,2.3547,2.2506,"9,712,372",35.13
3/8/2014,3/12/2014,1-Mar,2.3106,2.2069,"8,864,719",35.09
3/8/2014,3/12/2014,8-Mar,2.3147,2.2148,"8,630,241",35.2
3/1/2014,3/5/2014,1-Mar,2.3106,2.2069,"8,863,699",35.09
3/1/2014,3/5/2014,22-Feb,2.3547,2.2506,"9,712,372",35.13
3/1/2014,3/5/2014,15-Feb,2.4295,2.3244,"9,721,245",35.2
3/1/2014,3/5/2014,8-Feb,2.4128,2.3016,"10,350,172",35.01
3/1/2014,3/5/2014,1-Feb,2.3509,2.2347,"9,209,445",34.78
2/22/2014,2/26/2014,25-Jan,2.2583,2.1496,"9,782,170",34.86
2/22/2014,2/26/2014,1-Feb,2.3509,2.2347,"9,209,445",34.78
2/22/2014,2/26/2014,8-Feb,2.4128,2.3016,"10,350,172",35.01
2/22/2014,2/26/2014,15-Feb,2.4295,2.3244,"9,721,245",35.2
2/22/2014,2/26/2014,22-Feb,2.3547,2.2506,"9,712,372",35.13
2/15/2014,2/20/2014,15-Feb,2.4295,2.3244,"9,721,245",35.2
2/15/2014,2/20/2014,8-Feb,2.4128,2.3016,"10,350,172",35.01
2/15/2014,2/20/2014,1-Feb,2.3509,2.2347,"9,209,445",34.78
2/15/2014,2/20/2014,25-Jan,2.2583,2.1496,"9,782,170",34.86
2/15/2014,2/20/2014,18-Jan,2.1447,2.0405,"9,849,953",34.83
2/8/2014,2/12/2014,11-Jan,2.047,1.9493,"10,496,327",34.89
2/8/2014,2/12/2014,18-Jan,2.1447,2.0405,"9,849,953",34.83
2/8/2014,2/12/2014,25-Jan,2.2583,2.1496,"9,782,170",34.86
2/8/2014,2/12/2014,1-Feb,2.3509,2.2347,"9,209,445",34.78
2/8/2014,2/12/2014,8-Feb,2.4128,2.3016,"10,350,172",35.01
2/1/2014,2/5/2014,1-Feb,2.3507,2.2348,"9,157,247",34.78
2/1/2014,2/5/2014,25-Jan,2.2583,2.1496,"9,782,170",34.86
2/1/2014,2/5/2014,18-Jan,2.1466,2.0423,"9,849,953",34.83
2/1/2014,2/5/2014,11-Jan,2.047,1.9493,"10,496,327",34.89
2/1/2014,2/5/2014,4-Jan,2.0602,1.9664,"10,433,576",35.04
1/25/2014,1/29/2014,28-Dec,1.9906,1.9,"9,889,304",35.04
1/25/2014,1/29/2014,4-Jan,2.0601,1.9664,"10,442,145",35.04
1/25/2014,1/29/2014,11-Jan,2.0468,1.9492,"10,514,216",34.9
1/25/2014,1/29/2014,18-Jan,2.1466,2.0424,"9,858,630",34.84
1/25/2014,1/29/2014,25-Jan,2.2583,2.1496,"9,782,170",34.86
1/18/2014,1/23/2014,18-Jan,2.1466,2.0424,"9,858,630",34.84
1/18/2014,1/23/2014,11-Jan,2.0468,1.9492,"10,514,216",34.9
1/18/2014,1/23/2014,4-Jan,2.0601,1.9664,"10,442,145",35.04
1/18/2014,1/23/2014,28-Dec,1.9906,1.9,"9,889,304",35.04
1/18/2014,1/23/2014,21-Dec,1.9219,1.8358,"10,207,370",35.09
1/11/2014,1/15/2014,14-Dec,1.945,1.8512,"11,302,901",34.86
1/11/2014,1/15/2014,21-Dec,1.9219,1.8358,"10,207,370",35.09
1/11/2014,1/15/2014,28-Dec,1.9906,1.9,"9,889,304",35.04
1/11/2014,1/15/2014,4-Jan,2.0602,1.9665,"10,442,145",35.04
1/11/2014,1/15/2014,11-Jan,2.0463,1.949,"10,432,246",34.91
1/4/2014,1/8/2014,4-Jan,2.06,1.9666,"10,364,785",35.06
1/4/2014,1/8/2014,28-Dec,1.9897,1.899,"9,930,157",35.04
1/4/2014,1/8/2014,21-Dec,1.9219,1.8358,"10,207,370",35.09
1/4/2014,1/8/2014,14-Dec,1.9459,1.8521,"11,302,901",34.86
1/4/2014,1/8/2014,7-Dec,1.8959,1.8105,"11,839,380",35.07
12/28/2013,1/2/2014,30-Nov,1.8911,1.8114,"8,288,278",35.27
12/28/2013,1/2/2014,7-Dec,1.896,1.8106,"11,839,380",35.07
12/28/2013,1/2/2014,14-Dec,1.9459,1.8521,"11,302,901",34.86
12/28/2013,1/2/2014,21-Dec,1.9219,1.8358,"10,207,370",35.09
12/28/2013,1/2/2014,28-Dec,1.9897,1.899,"9,930,157",35.04
12/21/2013,12/26/2013,21-Dec,1.9219,1.8358,"10,207,370",35.09
12/21/2013,12/26/2013,14-Dec,1.9459,1.8521,"11,302,901",34.86
12/21/2013,12/26/2013,7-Dec,1.896,1.8106,"11,839,380",35.07
12/21/2013,12/26/2013,30-Nov,1.8911,1.8114,"8,288,278",35.27
12/21/2013,12/26/2013,23-Nov,1.9146,1.8362,"9,517,889",35.35
12/14/2013,12/18/2013,16-Nov,1.9499,1.8647,"8,970,443",35.17
12/14/2013,12/18/2013,23-Nov,1.9146,1.8362,"9,517,889",35.35
12/14/2013,12/18/2013,30-Nov,1.8911,1.8114,"8,288,278",35.27
12/14/2013,12/18/2013,7-Dec,1.896,1.8106,"11,839,380",35.07
12/14/2013,12/18/2013,14-Dec,1.9459,1.8521,"11,302,901",34.86
12/7/2013,12/11/2013,7-Dec,1.896,1.8106,"11,839,380",35.07
12/7/2013,12/11/2013,30-Nov,1.8911,1.8114,"8,288,278",35.27
12/7/2013,12/11/2013,23-Nov,1.9146,1.8362,"9,517,889",35.35
12/7/2013,12/11/2013,16-Nov,1.9499,1.8647,"8,970,443",35.17
12/7/2013,12/11/2013,9-Nov,1.9353,1.8543,"9,880,856",35.29
11/30/2013,12/4/2013,2-Nov,1.9035,1.8203,"9,523,773",35.17
11/30/2013,12/4/2013,9-Nov,1.9352,1.8542,"9,880,856",35.29
11/30/2013,12/4/2013,16-Nov,1.95,1.8648,"8,970,443",35.17
11/30/2013,12/4/2013,23-Nov,1.9146,1.8362,"9,517,889",35.35
11/30/2013,12/4/2013,30-Nov,1.8911,1.8114,"8,288,278",35.27
11/23/2013,11/27/2013,23-Nov,1.9146,1.8362,"9,517,889",35.35
11/23/2013,11/27/2013,16-Nov,1.95,1.8648,"8,970,443",35.17
11/23/2013,11/27/2013,9-Nov,1.9352,1.8542,"9,880,856",35.29
11/23/2013,11/27/2013,2-Nov,1.9035,1.8203,"9,523,773",35.17
11/23/2013,11/27/2013,26-Oct,1.882,1.7999,"9,700,011",35.17
11/16/2013,11/20/2013,19-Oct,1.8509,1.7692,"10,163,122",35.14
11/16/2013,11/20/2013,26-Oct,1.882,1.7999,"9,700,011",35.17
11/16/2013,11/20/2013,2-Nov,1.9035,1.8203,"9,523,773",35.17
11/16/2013,11/20/2013,9-Nov,1.9352,1.8542,"9,880,856",35.29
11/16/2013,11/20/2013,16-Nov,1.95,1.8648,"8,970,443",35.17
11/9/2013,11/14/2013,9-Nov,1.9352,1.8542,"9,880,856",35.29
11/9/2013,11/14/2013,2-Nov,1.9035,1.8203,"9,523,773",35.17
11/9/2013,11/14/2013,26-Oct,1.882,1.7999,"9,700,011",35.17
11/9/2013,11/14/2013,19-Oct,1.8509,1.7692,"10,163,122",35.14
11/9/2013,11/14/2013,12-Oct,0,1.7697,0,0
11/2/2013,11/6/2013,5-Oct,0,1.7857,0,0
11/2/2013,11/6/2013,12-Oct,0,1.7697,0,0
11/2/2013,11/6/2013,19-Oct,1.8509,1.7692,"10,163,623",35.14
11/2/2013,11/6/2013,26-Oct,1.882,1.7999,"9,700,011",35.17
11/2/2013,11/6/2013,2-Nov,1.9035,1.8203,"9,523,773",35.17
10/26/2013,10/30/2013,26-Oct,1.8821,1.8,"9,700,011",35.17
10/26/2013,10/30/2013,19-Oct,1.8509,1.7692,"10,163,623",35.14
10/26/2013,10/30/2013,12-Oct,0,1.7697,0,0
10/26/2013,10/30/2013,5-Oct,0,1.7857,0,0
10/26/2013,10/30/2013,28-Sep,0,1.8136,0,0
10/19/2013,10/23/2013,21-Sep,1.9129,1.8203,"9,017,162",34.85
10/19/2013,10/23/2013,28-Sep,0,1.8136,0,0
10/19/2013,10/23/2013,5-Oct,0,1.7857,0,0
10/19/2013,10/23/2013,12-Oct,0,1.7697,0,0
10/19/2013,10/23/2013,19-Oct,1.8508,1.7691,"10,164,642",35.14
10/12/2013,10/23/2013,12-Oct,0,1.7697,0,0
10/12/2013,10/23/2013,5-Oct,0,1.7857,0,0
10/12/2013,10/23/2013,28-Sep,0,1.8136,0,0
10/12/2013,10/23/2013,21-Sep,1.9129,1.8203,"9,017,162",34.85
10/12/2013,10/23/2013,14-Sep,1.882,1.7917,"9,575,997",34.87
10/5/2013,10/23/2013,7-Sep,1.8505,1.7574,"8,458,333",34.71
10/5/2013,10/23/2013,14-Sep,1.882,1.7917,"9,575,997",34.87
10/5/2013,10/23/2013,21-Sep,1.9129,1.8203,"9,017,162",34.85
10/5/2013,10/23/2013,28-Sep,0,1.8136,0,0
10/5/2013,10/23/2013,5-Oct,0,1.7857,0,0
9/28/2013,10/23/2013,28-Sep,0,1.8136,0,0
9/28/2013,10/23/2013,21-Sep,1.9129,1.8203,"9,017,162",34.85
9/28/2013,10/23/2013,14-Sep,1.882,1.7917,"9,575,997",34.87
9/28/2013,10/23/2013,7-Sep,1.8505,1.7574,"8,458,333",34.71
9/28/2013,10/23/2013,31-Aug,1.8297,1.7438,"8,198,196",34.95
9/21/2013,9/25/2013,24-Aug,1.8865,1.7972,"9,293,397",34.92
9/21/2013,9/25/2013,31-Aug,1.8297,1.7438,"8,198,196",34.95
9/21/2013,9/25/2013,7-Sep,1.8505,1.7574,"8,458,333",34.71
9/21/2013,9/25/2013,14-Sep,1.882,1.7917,"9,575,997",34.87
9/21/2013,9/25/2013,21-Sep,1.9129,1.8203,"9,017,162",34.85
9/14/2013,9/18/2013,14-Sep,1.882,1.7916,"9,578,575",34.87
9/14/2013,9/18/2013,7-Sep,1.851,1.7577,"8,416,221",34.71
9/14/2013,9/18/2013,31-Aug,1.8297,1.7438,"8,198,196",34.95
9/14/2013,9/18/2013,24-Aug,1.8865,1.7972,"9,293,397",34.92
9/14/2013,9/18/2013,17-Aug,1.8913,1.8042,"8,787,701",35.01
9/7/2013,9/11/2013,10-Aug,1.857,1.7735,"8,833,734",35.08
9/7/2013,9/11/2013,17-Aug,1.8913,1.8042,"8,787,701",35.01
9/7/2013,9/11/2013,24-Aug,1.8865,1.7972,"9,293,397",34.92
9/7/2013,9/11/2013,31-Aug,1.8297,1.7438,"8,198,196",34.95
9/7/2013,9/11/2013,7-Sep,1.851,1.7577,"8,416,221",34.71
8/31/2013,9/5/2013,31-Aug,1.8297,1.7438,"8,198,196",34.95
8/31/2013,9/5/2013,24-Aug,1.8865,1.7972,"9,293,397",34.92
8/31/2013,9/5/2013,17-Aug,1.8913,1.8042,"8,787,701",35.01
8/31/2013,9/5/2013,10-Aug,1.857,1.7735,"8,833,734",35.08
8/31/2013,9/5/2013,3-Aug,1.8266,1.7415,"8,824,992",34.97
8/24/2013,8/28/2013,27-Jul,1.7917,1.7096,"8,926,877",35.02
8/24/2013,8/28/2013,3-Aug,1.8266,1.7415,"8,824,992",34.97
8/24/2013,8/28/2013,10-Aug,1.857,1.7735,"8,833,734",35.08
8/24/2013,8/28/2013,17-Aug,1.8913,1.8042,"8,787,701",35.01
8/24/2013,8/28/2013,24-Aug,1.8865,1.7972,"9,293,397",34.92
8/17/2013,8/21/2013,17-Aug,1.8913,1.8043,"8,664,514",35.01
8/17/2013,8/21/2013,10-Aug,1.8569,1.7735,"8,792,363",35.08
8/17/2013,8/21/2013,3-Aug,1.8266,1.7415,"8,824,992",34.97
8/17/2013,8/21/2013,27-Jul,1.7917,1.7096,"8,926,877",35.02
8/17/2013,8/21/2013,20-Jul,1.7749,1.6899,"9,801,859",34.88
8/10/2013,8/14/2013,13-Jul,1.7732,1.6864,"10,508,081",34.81
8/10/2013,8/14/2013,20-Jul,1.7749,1.6899,"9,801,859",34.88
8/10/2013,8/14/2013,27-Jul,1.7917,1.7096,"8,926,877",35.02
8/10/2013,8/14/2013,3-Aug,1.8266,1.7415,"8,824,992",34.97
8/10/2013,8/14/2013,10-Aug,1.8569,1.7735,"8,792,363",35.08
8/3/2013,8/7/2013,3-Aug,1.8233,1.7386,"8,704,543",34.98
8/3/2013,8/7/2013,27-Jul,1.7917,1.7096,"8,926,877",35.02
8/3/2013,8/7/2013,20-Jul,1.7749,1.6899,"9,801,859",34.88
8/3/2013,8/7/2013,13-Jul,1.7732,1.6864,"10,508,081",34.81
8/3/2013,8/7/2013,6-Jul,1.7974,1.7108,"8,664,552",34.86
7/27/2013,7/31/2013,29-Jun,1.8733,1.783,"9,324,215",34.86
7/27/2013,7/31/2013,6-Jul,1.7974,1.7108,"8,664,552",34.86
7/27/2013,7/31/2013,13-Jul,1.7732,1.6864,"10,508,081",34.81
7/27/2013,7/31/2013,20-Jul,1.7749,1.6899,"9,801,859",34.88
7/27/2013,7/31/2013,27-Jul,1.7917,1.7096,"8,926,877",35.02
7/20/2013,7/24/2013,20-Jul,1.7748,1.6896,"9,679,915",34.87
7/20/2013,7/24/2013,13-Jul,1.7732,1.6864,"10,508,081",34.81
7/20/2013,7/24/2013,6-Jul,1.7974,1.7108,"8,664,552",34.86
7/20/2013,7/24/2013,29-Jun,1.8733,1.783,"9,324,215",34.86
7/20/2013,7/24/2013,22-Jun,1.8815,1.7963,"9,377,762",35.06
7/13/2013,7/17/2013,15-Jun,1.8478,1.7708,"9,649,471",35.31
7/13/2013,7/17/2013,22-Jun,1.8815,1.7963,"9,377,762",35.06
7/13/2013,7/17/2013,29-Jun,1.8733,1.783,"9,324,215",34.86
7/13/2013,7/17/2013,6-Jul,1.7974,1.7108,"8,664,552",34.86
7/13/2013,7/17/2013,13-Jul,1.7732,1.6864,"10,508,081",34.81
7/6/2013,7/10/2013,6-Jul,1.7977,1.711,"8,623,839",34.86
7/6/2013,7/10/2013,29-Jun,1.8733,1.783,"9,324,215",34.86
7/6/2013,7/10/2013,22-Jun,1.8815,1.7963,"9,377,762",35.06
7/6/2013,7/10/2013,15-Jun,1.8478,1.7708,"9,649,471",35.31
7/6/2013,7/10/2013,8-Jun,1.8437,1.7622,"10,004,605",35.13
6/29/2013,7/3/2013,1-Jun,1.8609,1.7746,"9,466,972",34.99
6/29/2013,7/3/2013,8-Jun,1.8437,1.7622,"10,004,605",35.13
6/29/2013,7/3/2013,15-Jun,1.8478,1.7708,"9,649,471",35.31
6/29/2013,7/3/2013,22-Jun,1.8815,1.7963,"9,377,762",35.06
6/29/2013,7/3/2013,29-Jun,1.8733,1.783,"9,324,215",34.86
6/22/2013,6/26/2013,22-Jun,1.8815,1.7963,"9,377,762",35.06
6/22/2013,6/26/2013,15-Jun,1.8479,1.7709,"9,690,366",35.31
6/22/2013,6/26/2013,8-Jun,1.8436,1.7621,"9,966,272",35.13
6/22/2013,6/26/2013,1-Jun,1.8609,1.7746,"9,466,972",34.99
6/22/2013,6/26/2013,25-May,1.8624,1.7775,"9,814,195",35.04
6/15/2013,6/19/2013,18-May,1.8484,1.7627,"8,951,331",34.99
6/15/2013,6/19/2013,25-May,1.8624,1.7775,"9,814,195",35.04
6/15/2013,6/19/2013,1-Jun,1.8609,1.7746,"9,466,972",34.99
6/15/2013,6/19/2013,8-Jun,1.8436,1.7621,"9,966,272",35.13
6/15/2013,6/19/2013,15-Jun,1.8479,1.7709,"9,690,366",35.31
6/8/2013,6/12/2013,8-Jun,1.8436,1.7621,"9,966,272",35.13
6/8/2013,6/12/2013,1-Jun,1.8609,1.7746,"9,466,972",34.99
6/8/2013,6/12/2013,25-May,1.8624,1.7775,"9,814,195",35.04
6/8/2013,6/12/2013,18-May,1.8484,1.7627,"8,951,331",34.99
6/8/2013,6/12/2013,11-May,1.8273,1.7419,"9,650,531",34.96
6/1/2013,6/5/2013,4-May,1.8548,1.763,"9,929,940",34.77
6/1/2013,6/5/2013,11-May,1.8273,1.7419,"9,650,531",34.96
6/1/2013,6/5/2013,18-May,1.8484,1.7627,"8,951,331",34.99
6/1/2013,6/5/2013,25-May,1.8624,1.7775,"9,814,195",35.04
6/1/2013,6/5/2013,1-Jun,1.8609,1.7746,"9,466,972",34.99
5/25/2013,5/30/2013,25-May,1.8624,1.7775,"9,814,195",35.04
5/25/2013,5/30/2013,18-May,1.8484,1.7627,"8,951,331",34.99
5/25/2013,5/30/2013,11-May,1.8273,1.7419,"9,650,531",34.96
5/25/2013,5/30/2013,4-May,1.8548,1.763,"9,929,940",34.77
5/25/2013,5/30/2013,27-Apr,1.8687,1.7754,"10,079,715",34.74
5/18/2013,5/22/2013,20-Apr,1.8122,1.7219,"9,438,915",34.75
5/18/2013,5/22/2013,27-Apr,1.8687,1.7754,"10,079,715",34.74
5/18/2013,5/22/2013,4-May,1.8548,1.763,"9,929,940",34.77
5/18/2013,5/22/2013,11-May,1.8273,1.7419,"9,650,531",34.96
5/18/2013,5/22/2013,18-May,1.8484,1.7627,"8,951,331",34.99
5/11/2013,5/15/2013,11-May,1.8273,1.7419,"9,650,531",34.96
5/11/2013,5/15/2013,4-May,1.8548,1.763,"9,929,940",34.77
5/11/2013,5/15/2013,27-Apr,1.8687,1.7754,"10,079,715",34.74
5/11/2013,5/15/2013,20-Apr,1.8122,1.7219,"9,438,915",34.75
5/11/2013,5/15/2013,13-Apr,1.7478,1.6676,"10,312,824",35.02
5/4/2013,5/8/2013,6-Apr,1.7268,1.6404,"10,282,274",34.74
5/4/2013,5/8/2013,13-Apr,1.7478,1.6676,"10,312,824",35.02
5/4/2013,5/8/2013,20-Apr,1.8122,1.7219,"9,438,915",34.75
5/4/2013,5/8/2013,27-Apr,1.8687,1.7754,"10,079,715",34.74
5/4/2013,5/8/2013,4-May,1.8548,1.763,"9,929,940",34.77
4/27/2013,5/1/2013,27-Apr,1.8697,1.7764,"10,079,715",34.74
4/27/2013,5/1/2013,20-Apr,1.8122,1.7219,"9,438,915",34.75
4/27/2013,5/1/2013,13-Apr,1.7478,1.6676,"10,312,824",35.02
4/27/2013,5/1/2013,6-Apr,1.7268,1.6404,"10,282,274",34.74
4/27/2013,5/1/2013,30-Mar,1.7304,1.6493,"9,983,674",34.95
4/20/2013,4/24/2013,23-Mar,1.7004,1.6179,"9,463,323",34.84
4/20/2013,4/24/2013,30-Mar,1.7306,1.6494,"10,046,749",34.95
4/20/2013,4/24/2013,6-Apr,1.7274,1.6409,"10,435,677",34.73
4/20/2013,4/24/2013,13-Apr,1.7486,1.6682,"10,509,027",35.01
4/20/2013,4/24/2013,20-Apr,1.8111,1.7208,"9,317,115",34.75
4/13/2013,4/17/2013,13-Apr,1.7476,1.6673,"10,427,967",35.01
4/13/2013,4/17/2013,6-Apr,1.7277,1.6412,"10,435,677",34.73
4/13/2013,4/17/2013,30-Mar,1.7311,1.6499,"10,046,749",34.95
4/13/2013,4/17/2013,23-Mar,1.7007,1.6182,"9,463,323",34.84
4/13/2013,4/17/2013,16-Mar,1.6839,1.6039,"9,693,426",34.91
4/6/2013,4/10/2013,9-Mar,1.708,1.6245,"9,630,487",34.81
4/6/2013,4/10/2013,16-Mar,1.6839,1.6039,"9,693,426",34.91
4/6/2013,4/10/2013,23-Mar,1.7007,1.6182,"9,463,323",34.84
4/6/2013,4/10/2013,30-Mar,1.7311,1.6499,"10,046,749",34.95
4/6/2013,4/10/2013,6-Apr,1.7277,1.6412,"10,435,677",34.73
3/30/2013,4/3/2013,30-Mar,1.7311,1.6499,"10,046,749",34.95
3/30/2013,4/3/2013,23-Mar,1.7007,1.6182,"9,463,323",34.84
3/30/2013,4/3/2013,16-Mar,1.6839,1.6039,"9,693,426",34.91
3/30/2013,4/3/2013,9-Mar,1.708,1.6245,"9,630,487",34.81
3/30/2013,4/3/2013,2-Mar,1.7317,1.6501,"9,920,621",34.93
3/23/2013,3/27/2013,23-Feb,1.7081,1.6289,"10,288,693",34.99
3/23/2013,3/27/2013,2-Mar,1.7317,1.6501,"9,920,621",34.93
3/23/2013,3/27/2013,9-Mar,1.708,1.6245,"9,630,487",34.81
3/23/2013,3/27/2013,16-Mar,1.6839,1.6039,"9,693,426",34.91
3/23/2013,3/27/2013,23-Mar,1.7007,1.6182,"9,463,323",34.84
3/16/2013,3/20/2013,16-Mar,1.6839,1.6039,"9,693,426",34.91
3/16/2013,3/20/2013,9-Mar,1.708,1.6245,"9,630,487",34.81
3/16/2013,3/20/2013,2-Mar,1.7317,1.6501,"9,920,621",34.93
3/16/2013,3/20/2013,23-Feb,1.7081,1.6289,"10,288,693",34.99
3/16/2013,3/20/2013,16-Feb,1.6682,1.5903,"10,681,725",34.96
3/9/2013,3/13/2013,9-Feb,1.694,1.6074,"12,103,083",34.66
3/9/2013,3/13/2013,16-Feb,1.6681,1.5902,"10,681,725",34.96
3/9/2013,3/13/2013,23-Feb,1.7081,1.6289,"10,288,693",34.99
3/9/2013,3/13/2013,2-Mar,1.7319,1.6503,"9,920,621",34.93
3/9/2013,3/13/2013,9-Mar,1.708,1.6245,"9,630,487",34.81
3/2/2013,3/6/2013,2-Mar,1.7319,1.6503,"9,920,621",34.93
3/2/2013,3/6/2013,23-Feb,1.7081,1.6289,"10,288,693",34.99
3/2/2013,3/6/2013,16-Feb,1.6681,1.5902,"10,681,725",34.96
3/2/2013,3/6/2013,9-Feb,1.694,1.6074,"12,103,083",34.66
3/2/2013,3/6/2013,2-Feb,1.7444,1.6562,"9,462,715",34.7
2/23/2013,2/27/2013,26-Jan,1.7936,1.7079,"9,660,688",34.89
2/23/2013,2/27/2013,2-Feb,1.7444,1.6562,"9,462,715",34.7
2/23/2013,2/27/2013,9-Feb,1.694,1.6074,"12,103,083",34.66
2/23/2013,2/27/2013,16-Feb,1.6681,1.5902,"10,681,725",34.96
2/23/2013,2/27/2013,23-Feb,1.7077,1.6285,"10,168,097",34.99
2/16/2013,2/21/2013,16-Feb,1.6681,1.5902,"10,681,725",34.96
2/16/2013,2/21/2013,9-Feb,1.694,1.6074,"12,103,083",34.66
2/16/2013,2/21/2013,2-Feb,1.7444,1.6562,"9,462,715",34.7
2/16/2013,2/21/2013,26-Jan,1.7936,1.7079,"9,660,688",34.89
2/16/2013,2/21/2013,19-Jan,1.8179,1.7274,"9,655,014",34.75
2/9/2013,2/13/2013,12-Jan,1.8307,1.7385,"12,318,502",34.71
2/9/2013,2/13/2013,19-Jan,1.8179,1.7274,"9,655,014",34.75
2/9/2013,2/13/2013,26-Jan,1.7936,1.7079,"9,660,688",34.89
2/9/2013,2/13/2013,2-Feb,1.7444,1.6562,"9,462,715",34.7
2/9/2013,2/13/2013,9-Feb,1.6932,1.6063,"11,396,230",34.65
2/2/2013,2/6/2013,2-Feb,1.7442,1.6563,"9,204,908",34.71
2/2/2013,2/6/2013,26-Jan,1.7936,1.7079,"9,660,688",34.89
2/2/2013,2/6/2013,19-Jan,1.8179,1.7274,"9,655,014",34.75
2/2/2013,2/6/2013,12-Jan,1.8307,1.7385,"12,318,502",34.71
2/2/2013,2/6/2013,5-Jan,1.8057,1.713,"10,823,056",34.64
1/26/2013,1/30/2013,29-Dec,1.7916,1.7043,"8,925,942",34.82
1/26/2013,1/30/2013,5-Jan,1.8057,1.713,"10,823,056",34.64
1/26/2013,1/30/2013,12-Jan,1.8307,1.7385,"12,318,502",34.71
1/26/2013,1/30/2013,19-Jan,1.8179,1.7274,"9,655,014",34.75
1/26/2013,1/30/2013,26-Jan,1.7937,1.7081,"9,345,983",34.89
1/19/2013,1/24/2013,19-Jan,1.8182,1.7277,"9,614,197",34.75
1/19/2013,1/24/2013,12-Jan,1.8307,1.7385,"12,318,502",34.71
1/19/2013,1/24/2013,5-Jan,1.8057,1.713,"10,823,056",34.64
1/19/2013,1/24/2013,29-Dec,1.7916,1.7043,"8,925,942",34.82
1/19/2013,1/24/2013,22-Dec,1.8052,1.7146,"10,220,350",34.72
1/12/2013,1/16/2013,15-Dec,1.8489,1.7542,"10,135,354",34.65
1/12/2013,1/16/2013,22-Dec,1.8052,1.7146,"10,220,350",34.72
1/12/2013,1/16/2013,29-Dec,1.7916,1.7043,"8,925,942",34.82
1/12/2013,1/16/2013,5-Jan,1.8057,1.713,"10,823,056",34.64
1/12/2013,1/16/2013,12-Jan,1.8305,1.7384,"12,160,598",34.72
1/5/2013,1/9/2013,5-Jan,1.7943,1.7032,"10,144,228",34.68
1/5/2013,1/9/2013,29-Dec,1.7918,1.7045,"8,925,942",34.82
1/5/2013,1/9/2013,22-Dec,1.8052,1.7146,"10,220,350",34.72
1/5/2013,1/9/2013,15-Dec,1.8489,1.7542,"10,135,354",34.65
1/5/2013,1/9/2013,8-Dec,1.8963,1.8001,"9,658,474",34.69
12/29/2012,1/3/2013,1-Dec,1.935,1.8361,"10,587,456",34.66
12/29/2012,1/3/2013,8-Dec,1.8963,1.8001,"9,658,474",34.69
12/29/2012,1/3/2013,15-Dec,1.8489,1.7542,"10,135,354",34.65
12/29/2012,1/3/2013,22-Dec,1.8052,1.7146,"10,220,350",34.72
12/29/2012,1/3/2013,29-Dec,1.7919,1.7046,"8,885,827",34.82
12/22/2012,12/27/2012,22-Dec,1.8055,1.7151,"10,055,284",34.73
12/22/2012,12/27/2012,15-Dec,1.8489,1.7542,"10,135,355",34.65
12/22/2012,12/27/2012,8-Dec,1.8963,1.8001,"9,658,474",34.69
12/22/2012,12/27/2012,1-Dec,1.935,1.8361,"10,587,456",34.66
12/22/2012,12/27/2012,24-Nov,2.0157,1.9099,"9,020,028",34.57
12/15/2012,12/19/2012,17-Nov,2.1321,2.0246,"9,315,777",34.71
12/15/2012,12/19/2012,24-Nov,2.0157,1.9099,"9,020,028",34.57
12/15/2012,12/19/2012,1-Dec,1.935,1.8361,"10,587,456",34.66
12/15/2012,12/19/2012,8-Dec,1.8963,1.8001,"9,658,474",34.69
12/15/2012,12/19/2012,15-Dec,1.8493,1.7546,"10,012,378",34.65
12/8/2012,12/12/2012,8-Dec,1.9059,1.8093,"9,622,035",34.69
12/8/2012,12/12/2012,1-Dec,1.9351,1.8366,"10,670,494",34.67
12/8/2012,12/12/2012,24-Nov,2.022,1.916,"9,514,545",34.57
12/8/2012,12/12/2012,17-Nov,2.1365,2.0291,"9,947,906",34.72
12/8/2012,12/12/2012,10-Nov,2.1723,2.0649,"9,957,053",34.78
12/1/2012,12/5/2012,3-Nov,2.1516,2.0451,"9,487,897",34.77
12/1/2012,12/5/2012,10-Nov,2.1723,2.0649,"9,957,053",34.78
12/1/2012,12/5/2012,17-Nov,2.1365,2.0291,"9,947,906",34.72
12/1/2012,12/5/2012,24-Nov,2.022,1.916,"9,514,545",34.57
12/1/2012,12/5/2012,1-Dec,1.9359,1.8373,"10,498,343",34.67
11/24/2012,11/28/2012,24-Nov,2.0219,1.916,"9,523,059",34.57
11/24/2012,11/28/2012,17-Nov,2.1365,2.0291,"9,947,906",34.72
11/24/2012,11/28/2012,10-Nov,2.1723,2.0649,"9,957,053",34.78
11/24/2012,11/28/2012,3-Nov,2.1516,2.0451,"9,487,897",34.77
11/24/2012,11/28/2012,27-Oct,2.1336,2.0277,"9,993,608",34.76
11/17/2012,11/21/2012,20-Oct,2.1698,2.0636,"9,727,449",34.81
11/17/2012,11/21/2012,27-Oct,2.1336,2.0277,"9,993,608",34.76
11/17/2012,11/21/2012,3-Nov,2.1516,2.0451,"9,487,897",34.77
11/17/2012,11/21/2012,10-Nov,2.1723,2.0649,"9,957,053",34.78
11/17/2012,11/21/2012,17-Nov,2.1363,2.0293,"9,672,692",34.73
11/10/2012,11/15/2012,10-Nov,2.1723,2.0614,"9,957,053",34.66
11/10/2012,11/15/2012,3-Nov,2.1516,2.045,"9,487,897",34.77
11/10/2012,11/15/2012,27-Oct,2.1336,2.0271,"9,993,608",34.74
11/10/2012,11/15/2012,20-Oct,2.1708,2.0642,"9,727,449",34.8
11/10/2012,11/15/2012,13-Oct,2.1419,2.0368,"10,009,813",34.8
11/3/2012,11/7/2012,6-Oct,2.0925,1.9971,"10,398,850",35.04
11/3/2012,11/7/2012,13-Oct,2.1419,2.0368,"10,009,813",34.8
11/3/2012,11/7/2012,20-Oct,2.1708,2.0642,"9,727,449",34.8
11/3/2012,11/7/2012,27-Oct,2.1336,2.0271,"9,993,608",34.74
11/3/2012,11/7/2012,3-Nov,2.1513,2.0446,"9,362,228",34.76
10/27/2012,10/31/2012,27-Oct,2.1337,2.0274,"9,819,062",34.75
10/27/2012,10/31/2012,20-Oct,2.1708,2.0642,"9,727,449",34.8
10/27/2012,10/31/2012,13-Oct,2.1419,2.0368,"10,009,813",34.8
10/27/2012,10/31/2012,6-Oct,2.0925,1.9971,"10,398,850",35.04
10/27/2012,10/31/2012,29-Sep,2.0033,1.906,"9,603,727",34.84
10/20/2012,10/24/2012,22-Sep,1.9198,1.8277,"10,019,099",34.88
10/20/2012,10/24/2012,29-Sep,2.0033,1.906,"9,603,727",34.84
10/20/2012,10/24/2012,6-Oct,2.0925,1.9971,"10,398,850",35.04
10/20/2012,10/24/2012,13-Oct,2.1419,2.0368,"10,009,813",34.8
10/20/2012,10/24/2012,20-Oct,2.1711,2.0645,"9,563,748",34.8
10/13/2012,10/17/2012,13-Oct,2.1406,2.0354,"9,765,871",34.79
10/13/2012,10/17/2012,6-Oct,2.0925,1.9971,"10,398,850",35.04
10/13/2012,10/17/2012,29-Sep,2.0033,1.906,"9,603,727",34.84
10/13/2012,10/17/2012,22-Sep,1.9198,1.8277,"10,019,099",34.88
10/13/2012,10/17/2012,15-Sep,1.9164,1.8192,"10,595,790",34.69
10/6/2012,10/11/2012,8-Sep,1.9377,1.833,"11,057,988",34.46
10/6/2012,10/11/2012,15-Sep,1.9164,1.8192,"10,595,790",34.69
10/6/2012,10/11/2012,22-Sep,1.9198,1.8277,"10,019,099",34.88
10/6/2012,10/11/2012,29-Sep,2.0033,1.906,"9,603,727",34.84
10/6/2012,10/11/2012,6-Oct,2.0915,1.9963,"10,223,900",35.04
9/29/2012,10/3/2012,29-Sep,2.0023,1.9051,"9,486,129",34.84
9/29/2012,10/3/2012,22-Sep,1.9198,1.8277,"10,019,099",34.88
9/29/2012,10/3/2012,15-Sep,1.9165,1.8193,"10,595,790",34.69
9/29/2012,10/3/2012,8-Sep,1.9377,1.833,"11,057,988",34.46
9/29/2012,10/3/2012,1-Sep,1.932,1.8318,"9,670,959",34.61
9/22/2012,9/26/2012,25-Aug,1.9252,1.8324,"10,326,055",34.86
9/22/2012,9/26/2012,1-Sep,1.932,1.8318,"9,670,959",34.61
9/22/2012,9/26/2012,8-Sep,1.9377,1.833,"11,057,988",34.46
9/22/2012,9/26/2012,15-Sep,1.9165,1.8193,"10,595,790",34.69
9/22/2012,9/26/2012,22-Sep,1.919,1.8271,"9,883,662",34.88
9/15/2012,9/19/2012,15-Sep,1.9163,1.819,"10,429,969",34.69
9/15/2012,9/19/2012,8-Sep,1.9377,1.833,"11,057,988",34.46
9/15/2012,9/19/2012,1-Sep,1.932,1.8318,"9,670,959",34.61
9/15/2012,9/19/2012,25-Aug,1.9252,1.8324,"10,326,055",34.86
9/15/2012,9/19/2012,18-Aug,1.8698,1.7819,"9,502,681",34.94
9/8/2012,9/12/2012,11-Aug,1.8047,1.7137,"10,004,452",34.71
9/8/2012,9/12/2012,18-Aug,1.8698,1.7819,"9,502,681",34.94
9/8/2012,9/12/2012,25-Aug,1.9252,1.8324,"10,326,055",34.86
9/8/2012,9/12/2012,1-Sep,1.932,1.8318,"9,670,959",34.61
9/8/2012,9/12/2012,8-Sep,1.9379,1.833,"10,901,107",34.45
9/1/2012,9/6/2012,1-Sep,1.9316,1.8313,"9,461,649",34.6
9/1/2012,9/6/2012,25-Aug,1.9252,1.8324,"10,326,055",34.86
9/1/2012,9/6/2012,18-Aug,1.8699,1.782,"9,502,681",34.94
9/1/2012,9/6/2012,11-Aug,1.8047,1.7137,"10,004,452",34.71
9/1/2012,9/6/2012,4-Aug,1.8061,1.719,"9,465,363",34.86
8/25/2012,8/29/2012,28-Jul,1.8069,1.719,"9,702,791",34.83
8/25/2012,8/29/2012,4-Aug,1.8061,1.719,"9,465,363",34.86
8/25/2012,8/29/2012,11-Aug,1.8048,1.7138,"10,004,452",34.71
8/25/2012,8/29/2012,18-Aug,1.8699,1.782,"9,502,681",34.94
8/25/2012,8/29/2012,25-Aug,1.9248,1.832,"10,202,945",34.86
8/18/2012,8/22/2012,18-Aug,1.869,1.7811,"9,375,014",34.94
8/18/2012,8/22/2012,11-Aug,1.8049,1.7139,"10,012,195",34.71
8/18/2012,8/22/2012,4-Aug,1.8061,1.719,"9,465,363",34.86
8/18/2012,8/22/2012,28-Jul,1.8069,1.719,"9,702,791",34.83
8/18/2012,8/22/2012,21-Jul,1.7715,1.6897,"9,007,986",35
8/11/2012,8/15/2012,14-Jul,1.7758,1.693,"10,384,669",34.97
8/11/2012,8/15/2012,21-Jul,1.7716,1.6898,"9,007,986",35
8/11/2012,8/15/2012,28-Jul,1.8069,1.719,"9,702,791",34.83
8/11/2012,8/15/2012,4-Aug,1.8061,1.719,"9,465,363",34.86
8/11/2012,8/15/2012,11-Aug,1.8042,1.7132,"9,888,161",34.71
8/4/2012,8/8/2012,4-Aug,1.8059,1.7189,"9,342,816",34.86
8/4/2012,8/8/2012,28-Jul,1.8069,1.719,"9,702,791",34.83
8/4/2012,8/8/2012,21-Jul,1.7716,1.6898,"9,007,986",35
8/4/2012,8/8/2012,14-Jul,1.7758,1.693,"10,384,669",34.97
8/4/2012,8/8/2012,7-Jul,1.7571,1.6796,"9,515,329",35.14
7/28/2012,8/1/2012,30-Jun,1.7024,1.6224,"9,375,238",34.94
7/28/2012,8/1/2012,7-Jul,1.7571,1.6796,"9,515,329",35.14
7/28/2012,8/1/2012,14-Jul,1.7758,1.693,"10,384,674",34.97
7/28/2012,8/1/2012,21-Jul,1.7716,1.6898,"9,007,986",35
7/28/2012,8/1/2012,28-Jul,1.8052,1.718,"9,240,155",34.85
7/21/2012,7/25/2012,21-Jul,1.7712,1.6895,"8,882,984",35
7/21/2012,7/25/2012,14-Jul,1.7758,1.693,"10,384,674",34.97
7/21/2012,7/25/2012,7-Jul,1.7575,1.68,"9,515,329",35.14
7/21/2012,7/25/2012,30-Jun,1.7024,1.6224,"9,375,238",34.94
7/21/2012,7/25/2012,23-Jun,1.6582,1.5811,"8,851,220",34.98
7/14/2012,7/18/2012,16-Jun,1.6277,1.5496,"10,290,716",34.88
7/14/2012,7/18/2012,23-Jun,1.6582,1.5811,"8,851,220",34.98
7/14/2012,7/18/2012,30-Jun,1.7024,1.6224,"9,375,238",34.94
7/14/2012,7/18/2012,7-Jul,1.7575,1.68,"9,515,329",35.14
7/14/2012,7/18/2012,14-Jul,1.7751,1.6925,"10,178,584",34.97
7/7/2012,7/11/2012,7-Jul,1.7567,1.6793,"9,107,534",35.14
7/7/2012,7/11/2012,30-Jun,1.7024,1.6224,"9,375,238",34.94
7/7/2012,7/11/2012,23-Jun,1.6582,1.5811,"8,851,220",34.98
7/7/2012,7/11/2012,16-Jun,1.6277,1.5496,"10,290,716",34.88
7/7/2012,7/11/2012,9-Jun,1.6024,1.5313,"10,300,307",35.12
6/30/2012,7/5/2012,2-Jun,1.5731,1.4998,"9,395,407",34.97
6/30/2012,7/5/2012,9-Jun,1.6024,1.5313,"10,300,307",35.12
6/30/2012,7/5/2012,16-Jun,1.6277,1.5496,"10,290,716",34.88
6/30/2012,7/5/2012,23-Jun,1.6582,1.5811,"8,851,220",34.98
6/30/2012,7/5/2012,30-Jun,1.7021,1.622,"9,209,695",34.94
6/23/2012,6/27/2012,23-Jun,1.6582,1.5811,"8,851,220",34.98
6/23/2012,6/27/2012,16-Jun,1.6277,1.5496,"10,290,716",34.88
6/23/2012,6/27/2012,9-Jun,1.6024,1.5313,"10,300,307",35.12
6/23/2012,6/27/2012,2-Jun,1.5731,1.4998,"9,395,407",34.97
6/23/2012,6/27/2012,26-May,1.5678,1.4933,"9,015,572",34.91
6/16/2012,6/20/2012,19-May,1.5686,1.4887,"9,654,533",34.67
6/16/2012,6/20/2012,26-May,1.5678,1.4933,"9,015,572",34.91
6/16/2012,6/20/2012,2-Jun,1.5731,1.4998,"9,395,407",34.97
6/16/2012,6/20/2012,9-Jun,1.6024,1.5313,"10,300,307",35.12
6/16/2012,6/20/2012,16-Jun,1.627,1.5492,"10,046,643",34.89
6/9/2012,6/13/2012,9-Jun,1.6018,1.5308,"10,137,038",35.13
6/9/2012,6/13/2012,2-Jun,1.5731,1.4998,"9,395,407",34.97
6/9/2012,6/13/2012,26-May,1.5678,1.4933,"9,015,572",34.91
6/9/2012,6/13/2012,19-May,1.5686,1.4887,"9,654,533",34.67
6/9/2012,6/13/2012,12-May,1.5667,1.4939,"11,368,626",34.98
6/2/2012,6/6/2012,5-May,1.5571,1.4837,"9,668,046",34.93
6/2/2012,6/6/2012,12-May,1.5667,1.4939,"11,368,626",34.98
6/2/2012,6/6/2012,19-May,1.5686,1.4887,"9,654,533",34.67
6/2/2012,6/6/2012,26-May,1.5678,1.4933,"9,015,572",34.91
6/2/2012,6/6/2012,2-Jun,1.5723,1.4995,"9,189,977",34.99
5/26/2012,5/31/2012,26-May,1.5677,1.4932,"8,893,111",34.91
5/26/2012,5/31/2012,19-May,1.5686,1.4887,"9,654,533",34.67
5/26/2012,5/31/2012,12-May,1.5667,1.4939,"11,368,626",34.98
5/26/2012,5/31/2012,5-May,1.5571,1.4837,"9,668,046",34.93
5/26/2012,5/31/2012,28-Apr,1.5663,1.4906,"11,685,181",34.85
5/19/2012,5/23/2012,21-Apr,1.5694,1.4891,"13,052,960",34.66
5/19/2012,5/23/2012,28-Apr,1.5663,1.4906,"11,685,181",34.85
5/19/2012,5/23/2012,5-May,1.5571,1.4837,"9,668,046",34.93
5/19/2012,5/23/2012,12-May,1.5667,1.4939,"11,368,626",34.98
5/19/2012,5/23/2012,19-May,1.5691,1.4887,"9,420,835",34.65
5/12/2012,5/16/2012,12-May,1.5665,1.4938,"11,245,286",34.98
5/12/2012,5/16/2012,5-May,1.5571,1.4837,"9,668,046",34.93
5/12/2012,5/16/2012,28-Apr,1.5663,1.4906,"11,685,181",34.85
5/12/2012,5/16/2012,21-Apr,1.5694,1.4891,"13,052,960",34.66
5/12/2012,5/16/2012,14-Apr,1.5919,1.5107,"11,520,767",34.67
5/5/2012,5/9/2012,7-Apr,1.6216,1.5405,"9,965,819",34.74
5/5/2012,5/9/2012,14-Apr,1.5919,1.5107,"11,520,767",34.67
5/5/2012,5/9/2012,21-Apr,1.5694,1.4891,"13,052,960",34.66
5/5/2012,5/9/2012,28-Apr,1.5663,1.4906,"11,685,181",34.85
5/5/2012,5/9/2012,5-May,1.5574,1.4835,"9,512,620",34.91
4/28/2012,5/2/2012,28-Apr,1.5658,1.4904,"11,275,140",34.87
4/28/2012,5/2/2012,21-Apr,1.5694,1.4891,"13,052,960",34.66
4/28/2012,5/2/2012,14-Apr,1.5919,1.5107,"11,520,767",34.67
4/28/2012,5/2/2012,7-Apr,1.6216,1.5405,"9,965,819",34.74
4/28/2012,5/2/2012,31-Mar,1.6713,1.5896,"9,952,335",34.81
4/21/2012,4/25/2012,24-Mar,1.6333,1.5549,"9,924,835",34.87
4/21/2012,4/25/2012,31-Mar,1.6713,1.5896,"9,952,335",34.81
4/21/2012,4/25/2012,7-Apr,1.6216,1.5405,"9,965,819",34.74
4/21/2012,4/25/2012,14-Apr,1.5919,1.5107,"11,520,767",34.67
4/21/2012,4/25/2012,21-Apr,1.5693,1.4891,"12,561,271",34.66
4/14/2012,4/18/2012,14-Apr,1.5919,1.5108,"11,356,102",34.67
4/14/2012,4/18/2012,7-Apr,1.6216,1.5405,"9,965,819",34.74
4/14/2012,4/18/2012,31-Mar,1.6713,1.5896,"9,952,335",34.81
4/14/2012,4/18/2012,24-Mar,1.6333,1.5549,"9,924,835",34.87
4/14/2012,4/18/2012,17-Mar,1.5857,1.5056,"11,921,822",34.7
4/7/2012,4/11/2012,10-Mar,1.5865,1.5146,"11,239,556",35.06
4/7/2012,4/11/2012,17-Mar,1.5857,1.5056,"11,921,822",34.7
4/7/2012,4/11/2012,24-Mar,1.6333,1.5549,"9,924,835",34.87
4/7/2012,4/11/2012,31-Mar,1.6713,1.5896,"9,952,335",34.81
4/7/2012,4/11/2012,7-Apr,1.6215,1.5415,"9,454,812",34.78
3/31/2012,4/4/2012,31-Mar,1.6727,1.5909,"9,446,921",34.81
3/31/2012,4/4/2012,24-Mar,1.6333,1.5549,"9,924,835",34.87
3/31/2012,4/4/2012,17-Mar,1.5857,1.5056,"11,921,822",34.7
3/31/2012,4/4/2012,10-Mar,1.5865,1.5146,"11,239,556",35.06
3/31/2012,4/4/2012,3-Mar,1.5837,1.5064,"10,751,088",34.82
